ObservationTime,WindGustSpeed (Kilometres per hour)
2020-01-01 00:00:00+00:00,34.8
2020-01-01 01:00:00+00:00,40.44
2020-01-01 02:00:00+00:00,40.08
2020-01-01 03:00:00+00:00,31.44
2020-01-01 04:00:00+00:00,21.66
2020-01-01 05:00:00+00:00,14.46
2020-01-01 06:00:00+00:00,13.68
2020-01-01 07:00:00+00:00,10.38
2020-01-01 08:00:00+00:00,5.22
2020-01-01 09:00:00+00:00,3.66
2020-01-01 10:00:00+00:00,9.24
2020-01-01 11:00:00+00:00,11.34
2020-01-01 12:00:00+00:00,11.34
2020-01-01 13:00:00+00:00,15.36
2020-01-01 14:00:00+00:00,14.22
2020-01-01 15:00:00+00:00,12.42
2020-01-01 16:00:00+00:00,18.24
2020-01-01 17:00:00+00:00,19.2
2020-01-01 18:00:00+00:00,17.88
2020-01-01 19:00:00+00:00,12.24
2020-01-01 20:00:00+00:00,14.34
2020-01-01 21:00:00+00:00,13.68
2020-01-01 22:00:00+00:00,18.3
2020-01-01 23:00:00+00:00,19.08
2020-01-02 00:00:00+00:00,21.42
2020-01-02 01:00:00+00:00,15.9
2020-01-02 02:00:00+00:00,25.14
2020-01-02 03:00:00+00:00,25.08
2020-01-02 04:00:00+00:00,19.44
2020-01-02 05:00:00+00:00,18.72
2020-01-02 06:00:00+00:00,21.42
2020-01-02 07:00:00+00:00,23.76
2020-01-02 08:00:00+00:00,30.9
2020-01-02 09:00:00+00:00,31.92
2020-01-02 10:00:00+00:00,32.34
2020-01-02 11:00:00+00:00,41.34
2020-01-02 12:00:00+00:00,43.68
2020-01-02 13:00:00+00:00,40.38
2020-01-02 14:00:00+00:00,39.72
2020-01-02 15:00:00+00:00,39.9
2020-01-02 16:00:00+00:00,36.12
2020-01-02 17:00:00+00:00,36.96
2020-01-02 18:00:00+00:00,38.04
2020-01-02 19:00:00+00:00,36.66
2020-01-02 20:00:00+00:00,36.24
2020-01-02 21:00:00+00:00,41.46
2020-01-02 22:00:00+00:00,42.84
2020-01-02 23:00:00+00:00,41.34
2020-01-03 00:00:00+00:00,36.72
2020-01-03 01:00:00+00:00,41.1
2020-01-03 02:00:00+00:00,38.7
2020-01-03 03:00:00+00:00,37.92
2020-01-03 04:00:00+00:00,38.46
2020-01-03 05:00:00+00:00,36.36
2020-01-03 06:00:00+00:00,41.7
2020-01-03 07:00:00+00:00,38.04
2020-01-03 08:00:00+00:00,35.82
2020-01-03 09:00:00+00:00,34.08
2020-01-03 10:00:00+00:00,44.94
2020-01-03 11:00:00+00:00,54.18
2020-01-03 12:00:00+00:00,48.84
2020-01-03 13:00:00+00:00,39.9
2020-01-03 14:00:00+00:00,40.32
2020-01-03 15:00:00+00:00,36.72
2020-01-03 16:00:00+00:00,27.66
2020-01-03 17:00:00+00:00,21.72
2020-01-03 18:00:00+00:00,27.42
2020-01-03 19:00:00+00:00,25.8
2020-01-03 20:00:00+00:00,30.06
2020-01-03 21:00:00+00:00,31.38
2020-01-03 22:00:00+00:00,30.66
2020-01-03 23:00:00+00:00,30.48
2020-01-04 00:00:00+00:00,31.44
2020-01-04 01:00:00+00:00,27
2020-01-04 02:00:00+00:00,28.86
2020-01-04 03:00:00+00:00,30.12
2020-01-04 04:00:00+00:00,31.5
2020-01-04 05:00:00+00:00,31.08
2020-01-04 06:00:00+00:00,33.96
2020-01-04 07:00:00+00:00,33.36
2020-01-04 08:00:00+00:00,30.78
2020-01-04 09:00:00+00:00,30.96
2020-01-04 10:00:00+00:00,36.6
2020-01-04 11:00:00+00:00,40.2
2020-01-04 12:00:00+00:00,41.88
2020-01-04 13:00:00+00:00,42
2020-01-04 14:00:00+00:00,36.66
2020-01-04 15:00:00+00:00,33.12
2020-01-04 16:00:00+00:00,28.98
2020-01-04 17:00:00+00:00,22.62
2020-01-04 18:00:00+00:00,20.82
2020-01-04 19:00:00+00:00,19.44
2020-01-04 20:00:00+00:00,21.78
2020-01-04 21:00:00+00:00,21.66
2020-01-04 22:00:00+00:00,19.8
2020-01-04 23:00:00+00:00,19.08
2020-01-05 00:00:00+00:00,19.5
2020-01-05 01:00:00+00:00,18.66
2020-01-05 02:00:00+00:00,16.38
2020-01-05 03:00:00+00:00,18.72
2020-01-05 04:00:00+00:00,18
2020-01-05 05:00:00+00:00,18.42
2020-01-05 06:00:00+00:00,20.16
2020-01-05 07:00:00+00:00,20.34
2020-01-05 08:00:00+00:00,20.1
2020-01-05 09:00:00+00:00,23.52
2020-01-05 10:00:00+00:00,24.72
2020-01-05 11:00:00+00:00,25.98
2020-01-05 12:00:00+00:00,22.26
2020-01-05 13:00:00+00:00,25.38
2020-01-05 14:00:00+00:00,26.58
2020-01-05 15:00:00+00:00,24.78
2020-01-05 16:00:00+00:00,23.1
2020-01-05 17:00:00+00:00,23.04
2020-01-05 18:00:00+00:00,21.3
2020-01-05 19:00:00+00:00,22.68
2020-01-05 20:00:00+00:00,23.58
2020-01-05 21:00:00+00:00,20.82
2020-01-05 22:00:00+00:00,20.82
2020-01-05 23:00:00+00:00,20.7
2020-01-06 00:00:00+00:00,21.96
2020-01-06 01:00:00+00:00,24.48
2020-01-06 02:00:00+00:00,26.04
2020-01-06 03:00:00+00:00,27.78
2020-01-06 04:00:00+00:00,32.1
2020-01-06 05:00:00+00:00,35.58
2020-01-06 06:00:00+00:00,38.46
2020-01-06 07:00:00+00:00,35.22
2020-01-06 08:00:00+00:00,33.36
2020-01-06 09:00:00+00:00,39.06
2020-01-06 10:00:00+00:00,39.6
2020-01-06 11:00:00+00:00,48.24
2020-01-06 12:00:00+00:00,48.78
2020-01-06 13:00:00+00:00,41.4
2020-01-06 14:00:00+00:00,36
2020-01-06 15:00:00+00:00,34.74
2020-01-06 16:00:00+00:00,36.42
2020-01-06 17:00:00+00:00,31.98
2020-01-06 18:00:00+00:00,34.92
2020-01-06 19:00:00+00:00,34.5
2020-01-06 20:00:00+00:00,31.56
2020-01-06 21:00:00+00:00,30.06
2020-01-06 22:00:00+00:00,29.46
2020-01-06 23:00:00+00:00,26.28
2020-01-07 00:00:00+00:00,25.5
2020-01-07 01:00:00+00:00,22.5
2020-01-07 02:00:00+00:00,19.98
2020-01-07 03:00:00+00:00,20.7
2020-01-07 04:00:00+00:00,19.92
2020-01-07 05:00:00+00:00,21.18
2020-01-07 06:00:00+00:00,19.26
2020-01-07 07:00:00+00:00,21.72
2020-01-07 08:00:00+00:00,23.34
2020-01-07 09:00:00+00:00,24.36
2020-01-07 10:00:00+00:00,30.96
2020-01-07 11:00:00+00:00,32.88
2020-01-07 12:00:00+00:00,37.92
2020-01-07 13:00:00+00:00,44.4
2020-01-07 14:00:00+00:00,39.36
2020-01-07 15:00:00+00:00,36.54
2020-01-07 16:00:00+00:00,43.8
2020-01-07 17:00:00+00:00,53.04
2020-01-07 18:00:00+00:00,47.88
2020-01-07 19:00:00+00:00,42.9
2020-01-07 20:00:00+00:00,38.46
2020-01-07 21:00:00+00:00,49.26
2020-01-07 22:00:00+00:00,45.12
2020-01-07 23:00:00+00:00,43.44
2020-01-08 00:00:00+00:00,51
2020-01-08 01:00:00+00:00,49.8
2020-01-08 02:00:00+00:00,46.68
2020-01-08 03:00:00+00:00,37.08
2020-01-08 04:00:00+00:00,35.4
2020-01-08 05:00:00+00:00,30.24
2020-01-08 06:00:00+00:00,26.94
2020-01-08 07:00:00+00:00,30.78
2020-01-08 08:00:00+00:00,30.84
2020-01-08 09:00:00+00:00,27.78
2020-01-08 10:00:00+00:00,28.08
2020-01-08 11:00:00+00:00,27.24
2020-01-08 12:00:00+00:00,24.48
2020-01-08 13:00:00+00:00,24.24
2020-01-08 14:00:00+00:00,18.72
2020-01-08 15:00:00+00:00,12.78
2020-01-08 16:00:00+00:00,12
2020-01-08 17:00:00+00:00,8.64
2020-01-08 18:00:00+00:00,10.98
2020-01-08 19:00:00+00:00,10.56
2020-01-08 20:00:00+00:00,13.8
2020-01-08 21:00:00+00:00,23.04
2020-01-08 22:00:00+00:00,28.62
2020-01-08 23:00:00+00:00,30.72
2020-01-09 00:00:00+00:00,33.42
2020-01-09 01:00:00+00:00,42.66
2020-01-09 02:00:00+00:00,45.9
2020-01-09 03:00:00+00:00,51.96
2020-01-09 04:00:00+00:00,48.42
2020-01-09 05:00:00+00:00,46.98
2020-01-09 06:00:00+00:00,49.5
2020-01-09 07:00:00+00:00,56.34
2020-01-09 08:00:00+00:00,57.84
2020-01-09 09:00:00+00:00,64.62
2020-01-09 10:00:00+00:00,64.14
2020-01-09 11:00:00+00:00,56.16
2020-01-09 12:00:00+00:00,49.98
2020-01-09 13:00:00+00:00,40.86
2020-01-09 14:00:00+00:00,28.02
2020-01-09 15:00:00+00:00,25.8
2020-01-09 16:00:00+00:00,16.2
2020-01-09 17:00:00+00:00,15.3
2020-01-09 18:00:00+00:00,17.22
2020-01-09 19:00:00+00:00,29.94
2020-01-09 20:00:00+00:00,37.62
2020-01-09 21:00:00+00:00,31.44
2020-01-09 22:00:00+00:00,17.64
2020-01-09 23:00:00+00:00,18.36
2020-01-10 00:00:00+00:00,18.84
2020-01-10 01:00:00+00:00,25.02
2020-01-10 02:00:00+00:00,33.66
2020-01-10 03:00:00+00:00,39.12
2020-01-10 04:00:00+00:00,43.44
2020-01-10 05:00:00+00:00,39.72
2020-01-10 06:00:00+00:00,41.64
2020-01-10 07:00:00+00:00,40.32
2020-01-10 08:00:00+00:00,39.66
2020-01-10 09:00:00+00:00,36.36
2020-01-10 10:00:00+00:00,36.06
2020-01-10 11:00:00+00:00,33.84
2020-01-10 12:00:00+00:00,27.66
2020-01-10 13:00:00+00:00,25.56
2020-01-10 14:00:00+00:00,23.16
2020-01-10 15:00:00+00:00,18.48
2020-01-10 16:00:00+00:00,14.7
2020-01-10 17:00:00+00:00,16.5
2020-01-10 18:00:00+00:00,22.56
2020-01-10 19:00:00+00:00,20.46
2020-01-10 20:00:00+00:00,21.12
2020-01-10 21:00:00+00:00,22.26
2020-01-10 22:00:00+00:00,25.08
2020-01-10 23:00:00+00:00,29.1
2020-01-11 00:00:00+00:00,32.52
2020-01-11 01:00:00+00:00,35.28
2020-01-11 02:00:00+00:00,36.12
2020-01-11 03:00:00+00:00,39.72
2020-01-11 04:00:00+00:00,39.12
2020-01-11 05:00:00+00:00,43.38
2020-01-11 06:00:00+00:00,43.02
2020-01-11 07:00:00+00:00,45.12
2020-01-11 08:00:00+00:00,44.52
2020-01-11 09:00:00+00:00,50.4
2020-01-11 10:00:00+00:00,46.2
2020-01-11 11:00:00+00:00,48.84
2020-01-11 12:00:00+00:00,47.58
2020-01-11 13:00:00+00:00,57.6
2020-01-11 14:00:00+00:00,45.42
2020-01-11 15:00:00+00:00,52.08
2020-01-11 16:00:00+00:00,52.08
2020-01-11 17:00:00+00:00,55.5
2020-01-11 18:00:00+00:00,56.46
2020-01-11 19:00:00+00:00,55.98
2020-01-11 20:00:00+00:00,54.72
2020-01-11 21:00:00+00:00,51.48
2020-01-11 22:00:00+00:00,55.44
2020-01-11 23:00:00+00:00,54.18
2020-01-12 00:00:00+00:00,55.26
2020-01-12 01:00:00+00:00,48.78
2020-01-12 02:00:00+00:00,50.34
2020-01-12 03:00:00+00:00,48
2020-01-12 04:00:00+00:00,49.08
2020-01-12 05:00:00+00:00,45.72
2020-01-12 06:00:00+00:00,45.54
2020-01-12 07:00:00+00:00,46.62
2020-01-12 08:00:00+00:00,48.72
2020-01-12 09:00:00+00:00,40.08
2020-01-12 10:00:00+00:00,45.36
2020-01-12 11:00:00+00:00,49.56
2020-01-12 12:00:00+00:00,53.28
2020-01-12 13:00:00+00:00,53.64
2020-01-12 14:00:00+00:00,48.24
2020-01-12 15:00:00+00:00,34.86
2020-01-12 16:00:00+00:00,24.3
2020-01-12 17:00:00+00:00,23.7
2020-01-12 18:00:00+00:00,21.18
2020-01-12 19:00:00+00:00,19.68
2020-01-12 20:00:00+00:00,20.28
2020-01-12 21:00:00+00:00,20.1
2020-01-12 22:00:00+00:00,25.26
2020-01-12 23:00:00+00:00,20.52
2020-01-13 00:00:00+00:00,24.9
2020-01-13 01:00:00+00:00,18.54
2020-01-13 02:00:00+00:00,22.62
2020-01-13 03:00:00+00:00,22.44
2020-01-13 04:00:00+00:00,27
2020-01-13 05:00:00+00:00,27.24
2020-01-13 06:00:00+00:00,24.3
2020-01-13 07:00:00+00:00,28.8
2020-01-13 08:00:00+00:00,31.92
2020-01-13 09:00:00+00:00,36.66
2020-01-13 10:00:00+00:00,45.84
2020-01-13 11:00:00+00:00,54.66
2020-01-13 12:00:00+00:00,53.34
2020-01-13 13:00:00+00:00,53.82
2020-01-13 14:00:00+00:00,57.96
2020-01-13 15:00:00+00:00,60.6
2020-01-13 16:00:00+00:00,61.38
2020-01-13 17:00:00+00:00,61.02
2020-01-13 18:00:00+00:00,57.96
2020-01-13 19:00:00+00:00,65.46
2020-01-13 20:00:00+00:00,66.54
2020-01-13 21:00:00+00:00,70.74
2020-01-13 22:00:00+00:00,65.34
2020-01-13 23:00:00+00:00,45.9
2020-01-14 00:00:00+00:00,46.68
2020-01-14 01:00:00+00:00,34.98
2020-01-14 02:00:00+00:00,32.7
2020-01-14 03:00:00+00:00,32.22
2020-01-14 04:00:00+00:00,33.78
2020-01-14 05:00:00+00:00,32.04
2020-01-14 06:00:00+00:00,31.38
2020-01-14 07:00:00+00:00,29.4
2020-01-14 08:00:00+00:00,35.22
2020-01-14 09:00:00+00:00,40.68
2020-01-14 10:00:00+00:00,40.86
2020-01-14 11:00:00+00:00,48.78
2020-01-14 12:00:00+00:00,55.26
2020-01-14 13:00:00+00:00,58.44
2020-01-14 14:00:00+00:00,62.58
2020-01-14 15:00:00+00:00,69.54
2020-01-14 16:00:00+00:00,82.98
2020-01-14 17:00:00+00:00,81.78
2020-01-14 18:00:00+00:00,78.96
2020-01-14 19:00:00+00:00,90.06
2020-01-14 20:00:00+00:00,85.74
2020-01-14 21:00:00+00:00,92.34
2020-01-14 22:00:00+00:00,80.16
2020-01-14 23:00:00+00:00,77.28
2020-01-15 00:00:00+00:00,71.52
2020-01-15 01:00:00+00:00,70.14
2020-01-15 02:00:00+00:00,66
2020-01-15 03:00:00+00:00,62.34
2020-01-15 04:00:00+00:00,54.42
2020-01-15 05:00:00+00:00,23.34
2020-01-15 06:00:00+00:00,11.4
2020-01-15 07:00:00+00:00,19.14
2020-01-15 08:00:00+00:00,17.04
2020-01-15 09:00:00+00:00,17.16
2020-01-15 10:00:00+00:00,23.4
2020-01-15 11:00:00+00:00,23.28
2020-01-15 12:00:00+00:00,28.26
2020-01-15 13:00:00+00:00,34.38
2020-01-15 14:00:00+00:00,34.14
2020-01-15 15:00:00+00:00,29.34
2020-01-15 16:00:00+00:00,31.8
2020-01-15 17:00:00+00:00,19.92
2020-01-15 18:00:00+00:00,27.84
2020-01-15 19:00:00+00:00,31.5
2020-01-15 20:00:00+00:00,32.28
2020-01-15 21:00:00+00:00,29.7
2020-01-15 22:00:00+00:00,30.06
2020-01-15 23:00:00+00:00,28.32
2020-01-16 00:00:00+00:00,24.12
2020-01-16 01:00:00+00:00,24.42
2020-01-16 02:00:00+00:00,23.76
2020-01-16 03:00:00+00:00,30.84
2020-01-16 04:00:00+00:00,26.16
2020-01-16 05:00:00+00:00,25.8
2020-01-16 06:00:00+00:00,31.62
2020-01-16 07:00:00+00:00,31.2
2020-01-16 08:00:00+00:00,33.78
2020-01-16 09:00:00+00:00,40.74
2020-01-16 10:00:00+00:00,47.1
2020-01-16 11:00:00+00:00,46.68
2020-01-16 12:00:00+00:00,48.24
2020-01-16 13:00:00+00:00,54.9
2020-01-16 14:00:00+00:00,50.7
2020-01-16 15:00:00+00:00,49.62
2020-01-16 16:00:00+00:00,45.24
2020-01-16 17:00:00+00:00,53.1
2020-01-16 18:00:00+00:00,52.68
2020-01-16 19:00:00+00:00,53.64
2020-01-16 20:00:00+00:00,53.1
2020-01-16 21:00:00+00:00,52.02
2020-01-16 22:00:00+00:00,43.98
2020-01-16 23:00:00+00:00,38.76
2020-01-17 00:00:00+00:00,37.32
2020-01-17 01:00:00+00:00,33.9
2020-01-17 02:00:00+00:00,29.1
2020-01-17 03:00:00+00:00,30.42
2020-01-17 04:00:00+00:00,30.06
2020-01-17 05:00:00+00:00,31.2
2020-01-17 06:00:00+00:00,32.4
2020-01-17 07:00:00+00:00,34.92
2020-01-17 08:00:00+00:00,27.9
2020-01-17 09:00:00+00:00,30.12
2020-01-17 10:00:00+00:00,36
2020-01-17 11:00:00+00:00,42.9
2020-01-17 12:00:00+00:00,49.56
2020-01-17 13:00:00+00:00,52.08
2020-01-17 14:00:00+00:00,63.42
2020-01-17 15:00:00+00:00,61.98
2020-01-17 16:00:00+00:00,42.9
2020-01-17 17:00:00+00:00,30.96
2020-01-17 18:00:00+00:00,32.52
2020-01-17 19:00:00+00:00,31.56
2020-01-17 20:00:00+00:00,30.42
2020-01-17 21:00:00+00:00,29.04
2020-01-17 22:00:00+00:00,19.56
2020-01-17 23:00:00+00:00,26.46
2020-01-18 00:00:00+00:00,28.38
2020-01-18 01:00:00+00:00,31.44
2020-01-18 02:00:00+00:00,29.28
2020-01-18 03:00:00+00:00,30.12
2020-01-18 04:00:00+00:00,24.72
2020-01-18 05:00:00+00:00,27.42
2020-01-18 06:00:00+00:00,26.52
2020-01-18 07:00:00+00:00,33.36
2020-01-18 08:00:00+00:00,33.54
2020-01-18 09:00:00+00:00,26.64
2020-01-18 10:00:00+00:00,29.94
2020-01-18 11:00:00+00:00,34.8
2020-01-18 12:00:00+00:00,38.34
2020-01-18 13:00:00+00:00,37.62
2020-01-18 14:00:00+00:00,34.62
2020-01-18 15:00:00+00:00,27.36
2020-01-18 16:00:00+00:00,20.04
2020-01-18 17:00:00+00:00,17.58
2020-01-18 18:00:00+00:00,21.12
2020-01-18 19:00:00+00:00,23.82
2020-01-18 20:00:00+00:00,23.52
2020-01-18 21:00:00+00:00,23.7
2020-01-18 22:00:00+00:00,27.24
2020-01-18 23:00:00+00:00,26.58
2020-01-19 00:00:00+00:00,29.4
2020-01-19 01:00:00+00:00,28.08
2020-01-19 02:00:00+00:00,24.06
2020-01-19 03:00:00+00:00,19.2
2020-01-19 04:00:00+00:00,21.66
2020-01-19 05:00:00+00:00,25.26
2020-01-19 06:00:00+00:00,22.86
2020-01-19 07:00:00+00:00,24.12
2020-01-19 08:00:00+00:00,18.06
2020-01-19 09:00:00+00:00,18.18
2020-01-19 10:00:00+00:00,22.02
2020-01-19 11:00:00+00:00,27.36
2020-01-19 12:00:00+00:00,28.62
2020-01-19 13:00:00+00:00,25.92
2020-01-19 14:00:00+00:00,25.74
2020-01-19 15:00:00+00:00,21.06
2020-01-19 16:00:00+00:00,17.16
2020-01-19 17:00:00+00:00,14.4
2020-01-19 18:00:00+00:00,13.5
2020-01-19 19:00:00+00:00,12.48
2020-01-19 20:00:00+00:00,11.94
2020-01-19 21:00:00+00:00,6.72
2020-01-19 22:00:00+00:00,9.78
2020-01-19 23:00:00+00:00,8.94
2020-01-20 00:00:00+00:00,11.82
2020-01-20 01:00:00+00:00,10.2
2020-01-20 02:00:00+00:00,12.42
2020-01-20 03:00:00+00:00,16.08
2020-01-20 04:00:00+00:00,14.22
2020-01-20 05:00:00+00:00,11.52
2020-01-20 06:00:00+00:00,12.3
2020-01-20 07:00:00+00:00,15.78
2020-01-20 08:00:00+00:00,15.18
2020-01-20 09:00:00+00:00,18.78
2020-01-20 10:00:00+00:00,13.56
2020-01-20 11:00:00+00:00,11.82
2020-01-20 12:00:00+00:00,11.7
2020-01-20 13:00:00+00:00,14.52
2020-01-20 14:00:00+00:00,15.54
2020-01-20 15:00:00+00:00,13.38
2020-01-20 16:00:00+00:00,13.56
2020-01-20 17:00:00+00:00,14.4
2020-01-20 18:00:00+00:00,11.4
2020-01-20 19:00:00+00:00,11.16
2020-01-20 20:00:00+00:00,14.7
2020-01-20 21:00:00+00:00,11.16
2020-01-20 22:00:00+00:00,9.78
2020-01-20 23:00:00+00:00,9.48
2020-01-21 00:00:00+00:00,12.6
2020-01-21 01:00:00+00:00,10.26
2020-01-21 02:00:00+00:00,9
2020-01-21 03:00:00+00:00,8.88
2020-01-21 04:00:00+00:00,9.78
2020-01-21 05:00:00+00:00,8.58
2020-01-21 06:00:00+00:00,9.24
2020-01-21 07:00:00+00:00,10.56
2020-01-21 08:00:00+00:00,8.4
2020-01-21 09:00:00+00:00,13.86
2020-01-21 10:00:00+00:00,11.28
2020-01-21 11:00:00+00:00,13.38
2020-01-21 12:00:00+00:00,16.62
2020-01-21 13:00:00+00:00,18
2020-01-21 14:00:00+00:00,20.04
2020-01-21 15:00:00+00:00,14.94
2020-01-21 16:00:00+00:00,12.48
2020-01-21 17:00:00+00:00,12.3
2020-01-21 18:00:00+00:00,9.12
2020-01-21 19:00:00+00:00,5.94
2020-01-21 20:00:00+00:00,6.54
2020-01-21 21:00:00+00:00,6.36
2020-01-21 22:00:00+00:00,5.76
2020-01-21 23:00:00+00:00,6.66
2020-01-22 00:00:00+00:00,9.36
2020-01-22 01:00:00+00:00,12.54
2020-01-22 02:00:00+00:00,16.5
2020-01-22 03:00:00+00:00,8.52
2020-01-22 04:00:00+00:00,9.72
2020-01-22 05:00:00+00:00,8.88
2020-01-22 06:00:00+00:00,8.58
2020-01-22 07:00:00+00:00,8.1
2020-01-22 08:00:00+00:00,7.74
2020-01-22 09:00:00+00:00,8.04
2020-01-22 10:00:00+00:00,5.64
2020-01-22 11:00:00+00:00,6
2020-01-22 12:00:00+00:00,7.38
2020-01-22 13:00:00+00:00,8.1
2020-01-22 14:00:00+00:00,8.52
2020-01-22 15:00:00+00:00,9.72
2020-01-22 16:00:00+00:00,6.06
2020-01-22 17:00:00+00:00,8.16
2020-01-22 18:00:00+00:00,6.48
2020-01-22 19:00:00+00:00,8.04
2020-01-22 20:00:00+00:00,6.9
2020-01-22 21:00:00+00:00,4.44
2020-01-22 22:00:00+00:00,4.8
2020-01-22 23:00:00+00:00,5.58
2020-01-23 00:00:00+00:00,6.36
2020-01-23 01:00:00+00:00,3.24
2020-01-23 02:00:00+00:00,5.04
2020-01-23 03:00:00+00:00,4.86
2020-01-23 04:00:00+00:00,6.78
2020-01-23 05:00:00+00:00,6.12
2020-01-23 06:00:00+00:00,9.36
2020-01-23 07:00:00+00:00,11.16
2020-01-23 08:00:00+00:00,10.26
2020-01-23 09:00:00+00:00,10.44
2020-01-23 10:00:00+00:00,10.14
2020-01-23 11:00:00+00:00,17.58
2020-01-23 12:00:00+00:00,14.58
2020-01-23 13:00:00+00:00,11.64
2020-01-23 14:00:00+00:00,7.02
2020-01-23 15:00:00+00:00,9.24
2020-01-23 16:00:00+00:00,14.1
2020-01-23 17:00:00+00:00,12.3
2020-01-23 18:00:00+00:00,11.76
2020-01-23 19:00:00+00:00,11.4
2020-01-23 20:00:00+00:00,10.98
2020-01-23 21:00:00+00:00,8.4
2020-01-23 22:00:00+00:00,7.74
2020-01-23 23:00:00+00:00,4.44
2020-01-24 00:00:00+00:00,4.5
2020-01-24 01:00:00+00:00,6.12
2020-01-24 02:00:00+00:00,8.34
2020-01-24 03:00:00+00:00,9.9
2020-01-24 04:00:00+00:00,11.04
2020-01-24 05:00:00+00:00,12.36
2020-01-24 06:00:00+00:00,11.58
2020-01-24 07:00:00+00:00,10.32
2020-01-24 08:00:00+00:00,8.82
2020-01-24 09:00:00+00:00,9.06
2020-01-24 10:00:00+00:00,12.48
2020-01-24 11:00:00+00:00,12.9
2020-01-24 12:00:00+00:00,12.48
2020-01-24 13:00:00+00:00,12.3
2020-01-24 14:00:00+00:00,13.2
2020-01-24 15:00:00+00:00,13.44
2020-01-24 16:00:00+00:00,11.76
2020-01-24 17:00:00+00:00,13.02
2020-01-24 18:00:00+00:00,11.22
2020-01-24 19:00:00+00:00,15.48
2020-01-24 20:00:00+00:00,16.74
2020-01-24 21:00:00+00:00,13.8
2020-01-24 22:00:00+00:00,12.78
2020-01-24 23:00:00+00:00,15.66
2020-01-25 00:00:00+00:00,16.32
2020-01-25 01:00:00+00:00,16.86
2020-01-25 02:00:00+00:00,15.84
2020-01-25 03:00:00+00:00,17.1
2020-01-25 04:00:00+00:00,18.6
2020-01-25 05:00:00+00:00,19.08
2020-01-25 06:00:00+00:00,18.18
2020-01-25 07:00:00+00:00,17.58
2020-01-25 08:00:00+00:00,19.56
2020-01-25 09:00:00+00:00,22.62
2020-01-25 10:00:00+00:00,21.18
2020-01-25 11:00:00+00:00,20.4
2020-01-25 12:00:00+00:00,21.42
2020-01-25 13:00:00+00:00,21.06
2020-01-25 14:00:00+00:00,21.06
2020-01-25 15:00:00+00:00,20.52
2020-01-25 16:00:00+00:00,15.6
2020-01-25 17:00:00+00:00,23.76
2020-01-25 18:00:00+00:00,28.56
2020-01-25 19:00:00+00:00,28.56
2020-01-25 20:00:00+00:00,31.74
2020-01-25 21:00:00+00:00,27.96
2020-01-25 22:00:00+00:00,22.8
2020-01-25 23:00:00+00:00,24.72
2020-01-26 00:00:00+00:00,28.74
2020-01-26 01:00:00+00:00,29.34
2020-01-26 02:00:00+00:00,21.48
2020-01-26 03:00:00+00:00,24.06
2020-01-26 04:00:00+00:00,20.7
2020-01-26 05:00:00+00:00,21.36
2020-01-26 06:00:00+00:00,24.36
2020-01-26 07:00:00+00:00,28.08
2020-01-26 08:00:00+00:00,31.02
2020-01-26 09:00:00+00:00,25.32
2020-01-26 10:00:00+00:00,29.7
2020-01-26 11:00:00+00:00,38.1
2020-01-26 12:00:00+00:00,41.16
2020-01-26 13:00:00+00:00,42.9
2020-01-26 14:00:00+00:00,38.34
2020-01-26 15:00:00+00:00,39.12
2020-01-26 16:00:00+00:00,38.52
2020-01-26 17:00:00+00:00,42.42
2020-01-26 18:00:00+00:00,45.78
2020-01-26 19:00:00+00:00,47.52
2020-01-26 20:00:00+00:00,47.28
2020-01-26 21:00:00+00:00,33.3
2020-01-26 22:00:00+00:00,27.54
2020-01-26 23:00:00+00:00,28.26
2020-01-27 00:00:00+00:00,27.3
2020-01-27 01:00:00+00:00,20.94
2020-01-27 02:00:00+00:00,21.54
2020-01-27 03:00:00+00:00,19.68
2020-01-27 04:00:00+00:00,31.2
2020-01-27 05:00:00+00:00,30.78
2020-01-27 06:00:00+00:00,29.04
2020-01-27 07:00:00+00:00,28.56
2020-01-27 08:00:00+00:00,30.3
2020-01-27 09:00:00+00:00,32.52
2020-01-27 10:00:00+00:00,28.92
2020-01-27 11:00:00+00:00,26.82
2020-01-27 12:00:00+00:00,31.26
2020-01-27 13:00:00+00:00,28.14
2020-01-27 14:00:00+00:00,23.94
2020-01-27 15:00:00+00:00,24.18
2020-01-27 16:00:00+00:00,18.72
2020-01-27 17:00:00+00:00,24.12
2020-01-27 18:00:00+00:00,18.66
2020-01-27 19:00:00+00:00,9.54
2020-01-27 20:00:00+00:00,16.44
2020-01-27 21:00:00+00:00,18.96
2020-01-27 22:00:00+00:00,20.82
2020-01-27 23:00:00+00:00,18.96
2020-01-28 00:00:00+00:00,25.26
2020-01-28 01:00:00+00:00,25.44
2020-01-28 02:00:00+00:00,23.52
2020-01-28 03:00:00+00:00,31.86
2020-01-28 04:00:00+00:00,34.56
2020-01-28 05:00:00+00:00,46.2
2020-01-28 06:00:00+00:00,40.08
2020-01-28 07:00:00+00:00,43.98
2020-01-28 08:00:00+00:00,44.52
2020-01-28 09:00:00+00:00,45.12
2020-01-28 10:00:00+00:00,50.28
2020-01-28 11:00:00+00:00,53.28
2020-01-28 12:00:00+00:00,45.24
2020-01-28 13:00:00+00:00,39.9
2020-01-28 14:00:00+00:00,49.38
2020-01-28 15:00:00+00:00,45.84
2020-01-28 16:00:00+00:00,37.44
2020-01-28 17:00:00+00:00,35.7
2020-01-28 18:00:00+00:00,38.52
2020-01-28 19:00:00+00:00,33.66
2020-01-28 20:00:00+00:00,30.9
2020-01-28 21:00:00+00:00,30.72
2020-01-28 22:00:00+00:00,30.42
2020-01-28 23:00:00+00:00,30.54
2020-01-29 00:00:00+00:00,24.06
2020-01-29 01:00:00+00:00,30.18
2020-01-29 02:00:00+00:00,35.76
2020-01-29 03:00:00+00:00,32.52
2020-01-29 04:00:00+00:00,32.28
2020-01-29 05:00:00+00:00,34.32
2020-01-29 06:00:00+00:00,32.4
2020-01-29 07:00:00+00:00,29.88
2020-01-29 08:00:00+00:00,27.78
2020-01-29 09:00:00+00:00,35.46
2020-01-29 10:00:00+00:00,32.64
2020-01-29 11:00:00+00:00,40.26
2020-01-29 12:00:00+00:00,43.2
2020-01-29 13:00:00+00:00,39.66
2020-01-29 14:00:00+00:00,37.92
2020-01-29 15:00:00+00:00,31.44
2020-01-29 16:00:00+00:00,25.08
2020-01-29 17:00:00+00:00,28.32
2020-01-29 18:00:00+00:00,26.04
2020-01-29 19:00:00+00:00,32.34
2020-01-29 20:00:00+00:00,39.96
2020-01-29 21:00:00+00:00,41.46
2020-01-29 22:00:00+00:00,38.1
2020-01-29 23:00:00+00:00,32.76
2020-01-30 00:00:00+00:00,34.14
2020-01-30 01:00:00+00:00,25.5
2020-01-30 02:00:00+00:00,24.36
2020-01-30 03:00:00+00:00,24.06
2020-01-30 04:00:00+00:00,21.78
2020-01-30 05:00:00+00:00,25.92
2020-01-30 06:00:00+00:00,21.42
2020-01-30 07:00:00+00:00,21.66
2020-01-30 08:00:00+00:00,23.82
2020-01-30 09:00:00+00:00,36.42
2020-01-30 10:00:00+00:00,39.84
2020-01-30 11:00:00+00:00,37.92
2020-01-30 12:00:00+00:00,36.06
2020-01-30 13:00:00+00:00,33.36
2020-01-30 14:00:00+00:00,28.14
2020-01-30 15:00:00+00:00,22.98
2020-01-30 16:00:00+00:00,30.12
2020-01-30 17:00:00+00:00,36.42
2020-01-30 18:00:00+00:00,44.16
2020-01-30 19:00:00+00:00,41.4
2020-01-30 20:00:00+00:00,49.32
2020-01-30 21:00:00+00:00,34.62
2020-01-30 22:00:00+00:00,48
2020-01-30 23:00:00+00:00,43.8
2020-01-31 00:00:00+00:00,41.88
2020-01-31 01:00:00+00:00,39.96
2020-01-31 02:00:00+00:00,40.14
2020-01-31 03:00:00+00:00,31.86
2020-01-31 04:00:00+00:00,29.58
2020-01-31 05:00:00+00:00,29.46
2020-01-31 06:00:00+00:00,26.4
2020-01-31 07:00:00+00:00,33.96
2020-01-31 08:00:00+00:00,39.9
2020-01-31 09:00:00+00:00,36.24
2020-01-31 10:00:00+00:00,43.32
2020-01-31 11:00:00+00:00,44.46
2020-01-31 12:00:00+00:00,46.32
2020-01-31 13:00:00+00:00,45.6
2020-01-31 14:00:00+00:00,48.42
2020-01-31 15:00:00+00:00,48.6
2020-01-31 16:00:00+00:00,49.5
2020-01-31 17:00:00+00:00,47.16
2020-01-31 18:00:00+00:00,46.8
2020-01-31 19:00:00+00:00,44.46
2020-01-31 20:00:00+00:00,45.72
2020-01-31 21:00:00+00:00,40.26
2020-01-31 22:00:00+00:00,39.36
2020-01-31 23:00:00+00:00,37.14
