Month,Sunspots
1749-01-31,58.0
1749-02-28,62.6
1749-03-31,70.0
1749-04-30,55.7
1749-05-31,85.0
1749-06-30,83.5
1749-07-31,94.8
1749-08-31,66.3
1749-09-30,75.9
1749-10-31,75.5
1749-11-30,158.6
1749-12-31,85.2
1750-01-31,73.3
1750-02-28,75.9
1750-03-31,89.2
1750-04-30,88.3
1750-05-31,90.0
1750-06-30,100.0
1750-07-31,85.4
1750-08-31,103.0
1750-09-30,91.2
1750-10-31,65.7
1750-11-30,63.3
1750-12-31,75.4
1751-01-31,70.0
1751-02-28,43.5
1751-03-31,45.3
1751-04-30,56.4
1751-05-31,60.7
1751-06-30,50.7
1751-07-31,66.3
1751-08-31,59.8
1751-09-30,23.5
1751-10-31,23.2
1751-11-30,28.5
1751-12-31,44.0
1752-01-31,35.0
1752-02-29,50.0
1752-03-31,71.0
1752-04-30,59.3
1752-05-31,59.7
1752-06-30,39.6
1752-07-31,78.4
1752-08-31,29.3
1752-09-30,27.1
1752-10-31,46.6
1752-11-30,37.6
1752-12-31,40.0
1753-01-31,44.0
1753-02-28,32.0
1753-03-31,45.7
1753-04-30,38.0
1753-05-31,36.0
1753-06-30,31.7
1753-07-31,22.2
1753-08-31,39.0
1753-09-30,28.0
1753-10-31,25.0
1753-11-30,20.0
1753-12-31,6.7
1754-01-31,0.0
1754-02-28,3.0
1754-03-31,1.7
1754-04-30,13.7
1754-05-31,20.7
1754-06-30,26.7
1754-07-31,18.8
1754-08-31,12.3
1754-09-30,8.2
1754-10-31,24.1
1754-11-30,13.2
1754-12-31,4.2
1755-01-31,10.2
1755-02-28,11.2
1755-03-31,6.8
1755-04-30,6.5
1755-05-31,0.0
1755-06-30,0.0
1755-07-31,8.6
1755-08-31,3.2
1755-09-30,17.8
1755-10-31,23.7
1755-11-30,6.8
1755-12-31,20.0
1756-01-31,12.5
1756-02-29,7.1
1756-03-31,5.4
1756-04-30,9.4
1756-05-31,12.5
1756-06-30,12.9
1756-07-31,3.6
1756-08-31,6.4
1756-09-30,11.8
1756-10-31,14.3
1756-11-30,17.0
1756-12-31,9.4
1757-01-31,14.1
1757-02-28,21.2
1757-03-31,26.2
1757-04-30,30.0
1757-05-31,38.1
1757-06-30,12.8
1757-07-31,25.0
1757-08-31,51.3
1757-09-30,39.7
1757-10-31,32.5
1757-11-30,64.7
1757-12-31,33.5
1758-01-31,37.6
1758-02-28,52.0
1758-03-31,49.0
1758-04-30,72.3
1758-05-31,46.4
1758-06-30,45.0
1758-07-31,44.0
1758-08-31,38.7
1758-09-30,62.5
1758-10-31,37.7
1758-11-30,43.0
1758-12-31,43.0
1759-01-31,48.3
1759-02-28,44.0
1759-03-31,46.8
1759-04-30,47.0
1759-05-31,49.0
1759-06-30,50.0
1759-07-31,51.0
1759-08-31,71.3
1759-09-30,77.2
1759-10-31,59.7
1759-11-30,46.3
1759-12-31,57.0
1760-01-31,67.3
1760-02-29,59.5
1760-03-31,74.7
1760-04-30,58.3
1760-05-31,72.0
1760-06-30,48.3
1760-07-31,66.0
1760-08-31,75.6
1760-09-30,61.3
1760-10-31,50.6
1760-11-30,59.7
1760-12-31,61.0
1761-01-31,70.0
1761-02-28,91.0
1761-03-31,80.7
1761-04-30,71.7
1761-05-31,107.2
1761-06-30,99.3
1761-07-31,94.1
1761-08-31,91.1
1761-09-30,100.7
1761-10-31,88.7
1761-11-30,89.7
1761-12-31,46.0
1762-01-31,43.8
1762-02-28,72.8
1762-03-31,45.7
1762-04-30,60.2
1762-05-31,39.9
1762-06-30,77.1
1762-07-31,33.8
1762-08-31,67.7
1762-09-30,68.5
1762-10-31,69.3
1762-11-30,77.8
1762-12-31,77.2
1763-01-31,56.5
1763-02-28,31.9
1763-03-31,34.2
1763-04-30,32.9
1763-05-31,32.7
1763-06-30,35.8
1763-07-31,54.2
1763-08-31,26.5
1763-09-30,68.1
1763-10-31,46.3
1763-11-30,60.9
1763-12-31,61.4
1764-01-31,59.7
1764-02-29,59.7
1764-03-31,40.2
1764-04-30,34.4
1764-05-31,44.3
1764-06-30,30.0
1764-07-31,30.0
1764-08-31,30.0
1764-09-30,28.2
1764-10-31,28.0
1764-11-30,26.0
1764-12-31,25.7
1765-01-31,24.0
1765-02-28,26.0
1765-03-31,25.0
1765-04-30,22.0
1765-05-31,20.2
1765-06-30,20.0
1765-07-31,27.0
1765-08-31,29.7
1765-09-30,16.0
1765-10-31,14.0
1765-11-30,14.0
1765-12-31,13.0
1766-01-31,12.0
1766-02-28,11.0
1766-03-31,36.6
1766-04-30,6.0
1766-05-31,26.8
1766-06-30,3.0
1766-07-31,3.3
1766-08-31,4.0
1766-09-30,4.3
1766-10-31,5.0
1766-11-30,5.7
1766-12-31,19.2
1767-01-31,27.4
1767-02-28,30.0
1767-03-31,43.0
1767-04-30,32.9
1767-05-31,29.8
1767-06-30,33.3
1767-07-31,21.9
1767-08-31,40.8
1767-09-30,42.7
1767-10-31,44.1
1767-11-30,54.7
1767-12-31,53.3
1768-01-31,53.5
1768-02-29,66.1
1768-03-31,46.3
1768-04-30,42.7
1768-05-31,77.7
1768-06-30,77.4
1768-07-31,52.6
1768-08-31,66.8
1768-09-30,74.8
1768-10-31,77.8
1768-11-30,90.6
1768-12-31,111.8
1769-01-31,73.9
1769-02-28,64.2
1769-03-31,64.3
1769-04-30,96.7
1769-05-31,73.6
1769-06-30,94.4
1769-07-31,118.6
1769-08-31,120.3
1769-09-30,148.8
1769-10-31,158.2
1769-11-30,148.1
1769-12-31,112.0
1770-01-31,104.0
1770-02-28,142.5
1770-03-31,80.1
1770-04-30,51.0
1770-05-31,70.1
1770-06-30,83.3
1770-07-31,109.8
1770-08-31,126.3
1770-09-30,104.4
1770-10-31,103.6
1770-11-30,132.2
1770-12-31,102.3
1771-01-31,36.0
1771-02-28,46.2
1771-03-31,46.7
1771-04-30,64.9
1771-05-31,152.7
1771-06-30,119.5
1771-07-31,67.7
1771-08-31,58.5
1771-09-30,101.4
1771-10-31,90.0
1771-11-30,99.7
1771-12-31,95.7
1772-01-31,100.9
1772-02-29,90.8
1772-03-31,31.1
1772-04-30,92.2
1772-05-31,38.0
1772-06-30,57.0
1772-07-31,77.3
1772-08-31,56.2
1772-09-30,50.5
1772-10-31,78.6
1772-11-30,61.3
1772-12-31,64.0
1773-01-31,54.6
1773-02-28,29.0
1773-03-31,51.2
1773-04-30,32.9
1773-05-31,41.1
1773-06-30,28.4
1773-07-31,27.7
1773-08-31,12.7
1773-09-30,29.3
1773-10-31,26.3
1773-11-30,40.9
1773-12-31,43.2
1774-01-31,46.8
1774-02-28,65.4
1774-03-31,55.7
1774-04-30,43.8
1774-05-31,51.3
1774-06-30,28.5
1774-07-31,17.5
1774-08-31,6.6
1774-09-30,7.9
1774-10-31,14.0
1774-11-30,17.7
1774-12-31,12.2
1775-01-31,4.4
1775-02-28,0.0
1775-03-31,11.6
1775-04-30,11.2
1775-05-31,3.9
1775-06-30,12.3
1775-07-31,1.0
1775-08-31,7.9
1775-09-30,3.2
1775-10-31,5.6
1775-11-30,15.1
1775-12-31,7.9
1776-01-31,21.7
1776-02-29,11.6
1776-03-31,6.3
1776-04-30,21.8
1776-05-31,11.2
1776-06-30,19.0
1776-07-31,1.0
1776-08-31,24.2
1776-09-30,16.0
1776-10-31,30.0
1776-11-30,35.0
1776-12-31,40.0
1777-01-31,45.0
1777-02-28,36.5
1777-03-31,39.0
1777-04-30,95.5
1777-05-31,80.3
1777-06-30,80.7
1777-07-31,95.0
1777-08-31,112.0
1777-09-30,116.2
1777-10-31,106.5
1777-11-30,146.0
1777-12-31,157.3
1778-01-31,177.3
1778-02-28,109.3
1778-03-31,134.0
1778-04-30,145.0
1778-05-31,238.9
1778-06-30,171.6
1778-07-31,153.0
1778-08-31,140.0
1778-09-30,171.7
1778-10-31,156.3
1778-11-30,150.3
1778-12-31,105.0
1779-01-31,114.7
1779-02-28,165.7
1779-03-31,118.0
1779-04-30,145.0
1779-05-31,140.0
1779-06-30,113.7
1779-07-31,143.0
1779-08-31,112.0
1779-09-30,111.0
1779-10-31,124.0
1779-11-30,114.0
1779-12-31,110.0
1780-01-31,70.0
1780-02-29,98.0
1780-03-31,98.0
1780-04-30,95.0
1780-05-31,107.2
1780-06-30,88.0
1780-07-31,86.0
1780-08-31,86.0
1780-09-30,93.7
1780-10-31,77.0
1780-11-30,60.0
1780-12-31,58.7
1781-01-31,98.7
1781-02-28,74.7
1781-03-31,53.0
1781-04-30,68.3
1781-05-31,104.7
1781-06-30,97.7
1781-07-31,73.5
1781-08-31,66.0
1781-09-30,51.0
1781-10-31,27.3
1781-11-30,67.0
1781-12-31,35.2
1782-01-31,54.0
1782-02-28,37.5
1782-03-31,37.0
1782-04-30,41.0
1782-05-31,54.3
1782-06-30,38.0
1782-07-31,37.0
1782-08-31,44.0
1782-09-30,34.0
1782-10-31,23.2
1782-11-30,31.5
1782-12-31,30.0
1783-01-31,28.0
1783-02-28,38.7
1783-03-31,26.7
1783-04-30,28.3
1783-05-31,23.0
1783-06-30,25.2
1783-07-31,32.2
1783-08-31,20.0
1783-09-30,18.0
1783-10-31,8.0
1783-11-30,15.0
1783-12-31,10.5
1784-01-31,13.0
1784-02-29,8.0
1784-03-31,11.0
1784-04-30,10.0
1784-05-31,6.0
1784-06-30,9.0
1784-07-31,6.0
1784-08-31,10.0
1784-09-30,10.0
1784-10-31,8.0
1784-11-30,17.0
1784-12-31,14.0
1785-01-31,6.5
1785-02-28,8.0
1785-03-31,9.0
1785-04-30,15.7
1785-05-31,20.7
1785-06-30,26.3
1785-07-31,36.3
1785-08-31,20.0
1785-09-30,32.0
1785-10-31,47.2
1785-11-30,40.2
1785-12-31,27.3
1786-01-31,37.2
1786-02-28,47.6
1786-03-31,47.7
1786-04-30,85.4
1786-05-31,92.3
1786-06-30,59.0
1786-07-31,83.0
1786-08-31,89.7
1786-09-30,111.5
1786-10-31,112.3
1786-11-30,116.0
1786-12-31,112.7
1787-01-31,134.7
1787-02-28,106.0
1787-03-31,87.4
1787-04-30,127.2
1787-05-31,134.8
1787-06-30,99.2
1787-07-31,128.0
1787-08-31,137.2
1787-09-30,157.3
1787-10-31,157.0
1787-11-30,141.5
1787-12-31,174.0
1788-01-31,138.0
1788-02-29,129.2
1788-03-31,143.3
1788-04-30,108.5
1788-05-31,113.0
1788-06-30,154.2
1788-07-31,141.5
1788-08-31,136.0
1788-09-30,141.0
1788-10-31,142.0
1788-11-30,94.7
1788-12-31,129.5
1789-01-31,114.0
1789-02-28,125.3
1789-03-31,120.0
1789-04-30,123.3
1789-05-31,123.5
1789-06-30,120.0
1789-07-31,117.0
1789-08-31,103.0
1789-09-30,112.0
1789-10-31,89.7
1789-11-30,134.0
1789-12-31,135.5
1790-01-31,103.0
1790-02-28,127.5
1790-03-31,96.3
1790-04-30,94.0
1790-05-31,93.0
1790-06-30,91.0
1790-07-31,69.3
1790-08-31,87.0
1790-09-30,77.3
1790-10-31,84.3
1790-11-30,82.0
1790-12-31,74.0
1791-01-31,72.7
1791-02-28,62.0
1791-03-31,74.0
1791-04-30,77.2
1791-05-31,73.7
1791-06-30,64.2
1791-07-31,71.0
1791-08-31,43.0
1791-09-30,66.5
1791-10-31,61.7
1791-11-30,67.0
1791-12-31,66.0
1792-01-31,58.0
1792-02-29,64.0
1792-03-31,63.0
1792-04-30,75.7
1792-05-31,62.0
1792-06-30,61.0
1792-07-31,45.8
1792-08-31,60.0
1792-09-30,59.0
1792-10-31,59.0
1792-11-30,57.0
1792-12-31,56.0
1793-01-31,56.0
1793-02-28,55.0
1793-03-31,55.5
1793-04-30,53.0
1793-05-31,52.3
1793-06-30,51.0
1793-07-31,50.0
1793-08-31,29.3
1793-09-30,24.0
1793-10-31,47.0
1793-11-30,44.0
1793-12-31,45.7
1794-01-31,45.0
1794-02-28,44.0
1794-03-31,38.0
1794-04-30,28.4
1794-05-31,55.7
1794-06-30,41.5
1794-07-31,41.0
1794-08-31,40.0
1794-09-30,11.1
1794-10-31,28.5
1794-11-30,67.4
1794-12-31,51.4
1795-01-31,21.4
1795-02-28,39.9
1795-03-31,12.6
1795-04-30,18.6
1795-05-31,31.0
1795-06-30,17.1
1795-07-31,12.9
1795-08-31,25.7
1795-09-30,13.5
1795-10-31,19.5
1795-11-30,25.0
1795-12-31,18.0
1796-01-31,22.0
1796-02-29,23.8
1796-03-31,15.7
1796-04-30,31.7
1796-05-31,21.0
1796-06-30,6.7
1796-07-31,26.9
1796-08-31,1.5
1796-09-30,18.4
1796-10-31,11.0
1796-11-30,8.4
1796-12-31,5.1
1797-01-31,14.4
1797-02-28,4.2
1797-03-31,4.0
1797-04-30,4.0
1797-05-31,7.3
1797-06-30,11.1
1797-07-31,4.3
1797-08-31,6.0
1797-09-30,5.7
1797-10-31,6.9
1797-11-30,5.8
1797-12-31,3.0
1798-01-31,2.0
1798-02-28,4.0
1798-03-31,12.4
1798-04-30,1.1
1798-05-31,0.0
1798-06-30,0.0
1798-07-31,0.0
1798-08-31,3.0
1798-09-30,2.4
1798-10-31,1.5
1798-11-30,12.5
1798-12-31,9.9
1799-01-31,1.6
1799-02-28,12.6
1799-03-31,21.7
1799-04-30,8.4
1799-05-31,8.2
1799-06-30,10.6
1799-07-31,2.1
1799-08-31,0.0
1799-09-30,0.0
1799-10-31,4.6
1799-11-30,2.7
1799-12-31,8.6
1800-01-31,6.9
1800-02-28,9.3
1800-03-31,13.9
1800-04-30,0.0
1800-05-31,5.0
1800-06-30,23.7
1800-07-31,21.0
1800-08-31,19.5
1800-09-30,11.5
1800-10-31,12.3
1800-11-30,10.5
1800-12-31,40.1
1801-01-31,27.0
1801-02-28,29.0
1801-03-31,30.0
1801-04-30,31.0
1801-05-31,32.0
1801-06-30,31.2
1801-07-31,35.0
1801-08-31,38.7
1801-09-30,33.5
1801-10-31,32.6
1801-11-30,39.8
1801-12-31,48.2
1802-01-31,47.8
1802-02-28,47.0
1802-03-31,40.8
1802-04-30,42.0
1802-05-31,44.0
1802-06-30,46.0
1802-07-31,48.0
1802-08-31,50.0
1802-09-30,51.8
1802-10-31,38.5
1802-11-30,34.5
1802-12-31,50.0
1803-01-31,50.0
1803-02-28,50.8
1803-03-31,29.5
1803-04-30,25.0
1803-05-31,44.3
1803-06-30,36.0
1803-07-31,48.3
1803-08-31,34.1
1803-09-30,45.3
1803-10-31,54.3
1803-11-30,51.0
1803-12-31,48.0
1804-01-31,45.3
1804-02-29,48.3
1804-03-31,48.0
1804-04-30,50.6
1804-05-31,33.4
1804-06-30,34.8
1804-07-31,29.8
1804-08-31,43.1
1804-09-30,53.0
1804-10-31,62.3
1804-11-30,61.0
1804-12-31,60.0
1805-01-31,61.0
1805-02-28,44.1
1805-03-31,51.4
1805-04-30,37.5
1805-05-31,39.0
1805-06-30,40.5
1805-07-31,37.6
1805-08-31,42.7
1805-09-30,44.4
1805-10-31,29.4
1805-11-30,41.0
1805-12-31,38.3
1806-01-31,39.0
1806-02-28,29.6
1806-03-31,32.7
1806-04-30,27.7
1806-05-31,26.4
1806-06-30,25.6
1806-07-31,30.0
1806-08-31,26.3
1806-09-30,24.0
1806-10-31,27.0
1806-11-30,25.0
1806-12-31,24.0
1807-01-31,12.0
1807-02-28,12.2
1807-03-31,9.6
1807-04-30,23.8
1807-05-31,10.0
1807-06-30,12.0
1807-07-31,12.7
1807-08-31,12.0
1807-09-30,5.7
1807-10-31,8.0
1807-11-30,2.6
1807-12-31,0.0
1808-01-31,0.0
1808-02-29,4.5
1808-03-31,0.0
1808-04-30,12.3
1808-05-31,13.5
1808-06-30,13.5
1808-07-31,6.7
1808-08-31,8.0
1808-09-30,11.7
1808-10-31,4.7
1808-11-30,10.5
1808-12-31,12.3
1809-01-31,7.2
1809-02-28,9.2
1809-03-31,0.9
1809-04-30,2.5
1809-05-31,2.0
1809-06-30,7.7
1809-07-31,0.3
1809-08-31,0.2
1809-09-30,0.4
1809-10-31,0.0
1809-11-30,0.0
1809-12-31,0.0
1810-01-31,0.0
1810-02-28,0.0
1810-03-31,0.0
1810-04-30,0.0
1810-05-31,0.0
1810-06-30,0.0
1810-07-31,0.0
1810-08-31,0.0
1810-09-30,0.0
1810-10-31,0.0
1810-11-30,0.0
1810-12-31,0.0
1811-01-31,0.0
1811-02-28,0.0
1811-03-31,0.0
1811-04-30,0.0
1811-05-31,0.0
1811-06-30,0.0
1811-07-31,6.6
1811-08-31,0.0
1811-09-30,2.4
1811-10-31,6.1
1811-11-30,0.8
1811-12-31,1.1
1812-01-31,11.3
1812-02-29,1.9
1812-03-31,0.7
1812-04-30,0.0
1812-05-31,1.0
1812-06-30,1.3
1812-07-31,0.5
1812-08-31,15.6
1812-09-30,5.2
1812-10-31,3.9
1812-11-30,7.9
1812-12-31,10.1
1813-01-31,0.0
1813-02-28,10.3
1813-03-31,1.9
1813-04-30,16.6
1813-05-31,5.5
1813-06-30,11.2
1813-07-31,18.3
1813-08-31,8.4
1813-09-30,15.3
1813-10-31,27.8
1813-11-30,16.7
1813-12-31,14.3
1814-01-31,22.2
1814-02-28,12.0
1814-03-31,5.7
1814-04-30,23.8
1814-05-31,5.8
1814-06-30,14.9
1814-07-31,18.5
1814-08-31,2.3
1814-09-30,8.1
1814-10-31,19.3
1814-11-30,14.5
1814-12-31,20.1
1815-01-31,19.2
1815-02-28,32.2
1815-03-31,26.2
1815-04-30,31.6
1815-05-31,9.8
1815-06-30,55.9
1815-07-31,35.5
1815-08-31,47.2
1815-09-30,31.5
1815-10-31,33.5
1815-11-30,37.2
1815-12-31,65.0
1816-01-31,26.3
1816-02-29,68.8
1816-03-31,73.7
1816-04-30,58.8
1816-05-31,44.3
1816-06-30,43.6
1816-07-31,38.8
1816-08-31,23.2
1816-09-30,47.8
1816-10-31,56.4
1816-11-30,38.1
1816-12-31,29.9
1817-01-31,36.4
1817-02-28,57.9
1817-03-31,96.2
1817-04-30,26.4
1817-05-31,21.2
1817-06-30,40.0
1817-07-31,50.0
1817-08-31,45.0
1817-09-30,36.7
1817-10-31,25.6
1817-11-30,28.9
1817-12-31,28.4
1818-01-31,34.9
1818-02-28,22.4
1818-03-31,25.4
1818-04-30,34.5
1818-05-31,53.1
1818-06-30,36.4
1818-07-31,28.0
1818-08-31,31.5
1818-09-30,26.1
1818-10-31,31.7
1818-11-30,10.9
1818-12-31,25.8
1819-01-31,32.5
1819-02-28,20.7
1819-03-31,3.7
1819-04-30,20.2
1819-05-31,19.6
1819-06-30,35.0
1819-07-31,31.4
1819-08-31,26.1
1819-09-30,14.9
1819-10-31,27.5
1819-11-30,25.1
1819-12-31,30.6
1820-01-31,19.2
1820-02-29,26.6
1820-03-31,4.5
1820-04-30,19.4
1820-05-31,29.3
1820-06-30,10.8
1820-07-31,20.6
1820-08-31,25.9
1820-09-30,5.2
1820-10-31,9.0
1820-11-30,7.9
1820-12-31,9.7
1821-01-31,21.5
1821-02-28,4.3
1821-03-31,5.7
1821-04-30,9.2
1821-05-31,1.7
1821-06-30,1.8
1821-07-31,2.5
1821-08-31,4.8
1821-09-30,4.4
1821-10-31,18.8
1821-11-30,4.4
1821-12-31,0.0
1822-01-31,0.0
1822-02-28,0.9
1822-03-31,16.1
1822-04-30,13.5
1822-05-31,1.5
1822-06-30,5.6
1822-07-31,7.9
1822-08-31,2.1
1822-09-30,0.0
1822-10-31,0.4
1822-11-30,0.0
1822-12-31,0.0
1823-01-31,0.0
1823-02-28,0.0
1823-03-31,0.6
1823-04-30,0.0
1823-05-31,0.0
1823-06-30,0.0
1823-07-31,0.5
1823-08-31,0.0
1823-09-30,0.0
1823-10-31,0.0
1823-11-30,0.0
1823-12-31,20.4
1824-01-31,21.6
1824-02-29,10.8
1824-03-31,0.0
1824-04-30,19.4
1824-05-31,2.8
1824-06-30,0.0
1824-07-31,0.0
1824-08-31,1.4
1824-09-30,20.5
1824-10-31,25.2
1824-11-30,0.0
1824-12-31,0.8
1825-01-31,5.0
1825-02-28,15.5
1825-03-31,22.4
1825-04-30,3.8
1825-05-31,15.4
1825-06-30,15.4
1825-07-31,30.9
1825-08-31,25.4
1825-09-30,15.7
1825-10-31,15.6
1825-11-30,11.7
1825-12-31,22.0
1826-01-31,17.7
1826-02-28,18.2
1826-03-31,36.7
1826-04-30,24.0
1826-05-31,32.4
1826-06-30,37.1
1826-07-31,52.5
1826-08-31,39.6
1826-09-30,18.9
1826-10-31,50.6
1826-11-30,39.5
1826-12-31,68.1
1827-01-31,34.6
1827-02-28,47.4
1827-03-31,57.8
1827-04-30,46.0
1827-05-31,56.3
1827-06-30,56.7
1827-07-31,42.9
1827-08-31,53.7
1827-09-30,49.6
1827-10-31,57.2
1827-11-30,48.2
1827-12-31,46.1
1828-01-31,52.8
1828-02-29,64.4
1828-03-31,65.0
1828-04-30,61.1
1828-05-31,89.1
1828-06-30,98.0
1828-07-31,54.3
1828-08-31,76.4
1828-09-30,50.4
1828-10-31,54.7
1828-11-30,57.0
1828-12-31,46.6
1829-01-31,43.0
1829-02-28,49.4
1829-03-31,72.3
1829-04-30,95.0
1829-05-31,67.5
1829-06-30,73.9
1829-07-31,90.8
1829-08-31,78.3
1829-09-30,52.8
1829-10-31,57.2
1829-11-30,67.6
1829-12-31,56.5
1830-01-31,52.2
1830-02-28,72.1
1830-03-31,84.6
1830-04-30,107.1
1830-05-31,66.3
1830-06-30,65.1
1830-07-31,43.9
1830-08-31,50.7
1830-09-30,62.1
1830-10-31,84.4
1830-11-30,81.2
1830-12-31,82.1
1831-01-31,47.5
1831-02-28,50.1
1831-03-31,93.4
1831-04-30,54.6
1831-05-31,38.1
1831-06-30,33.4
1831-07-31,45.2
1831-08-31,54.9
1831-09-30,37.9
1831-10-31,46.2
1831-11-30,43.5
1831-12-31,28.9
1832-01-31,30.9
1832-02-29,55.5
1832-03-31,55.1
1832-04-30,26.9
1832-05-31,41.3
1832-06-30,26.7
1832-07-31,13.9
1832-08-31,8.9
1832-09-30,8.2
1832-10-31,21.1
1832-11-30,14.3
1832-12-31,27.5
1833-01-31,11.3
1833-02-28,14.9
1833-03-31,11.8
1833-04-30,2.8
1833-05-31,12.9
1833-06-30,1.0
1833-07-31,7.0
1833-08-31,5.7
1833-09-30,11.6
1833-10-31,7.5
1833-11-30,5.9
1833-12-31,9.9
1834-01-31,4.9
1834-02-28,18.1
1834-03-31,3.9
1834-04-30,1.4
1834-05-31,8.8
1834-06-30,7.8
1834-07-31,8.7
1834-08-31,4.0
1834-09-30,11.5
1834-10-31,24.8
1834-11-30,30.5
1834-12-31,34.5
1835-01-31,7.5
1835-02-28,24.5
1835-03-31,19.7
1835-04-30,61.5
1835-05-31,43.6
1835-06-30,33.2
1835-07-31,59.8
1835-08-31,59.0
1835-09-30,100.8
1835-10-31,95.2
1835-11-30,100.0
1835-12-31,77.5
1836-01-31,88.6
1836-02-29,107.6
1836-03-31,98.1
1836-04-30,142.9
1836-05-31,111.4
1836-06-30,124.7
1836-07-31,116.7
1836-08-31,107.8
1836-09-30,95.1
1836-10-31,137.4
1836-11-30,120.9
1836-12-31,206.2
1837-01-31,188.0
1837-02-28,175.6
1837-03-31,134.6
1837-04-30,138.2
1837-05-31,111.3
1837-06-30,158.0
1837-07-31,162.8
1837-08-31,134.0
1837-09-30,96.3
1837-10-31,123.7
1837-11-30,107.0
1837-12-31,129.8
1838-01-31,144.9
1838-02-28,84.8
1838-03-31,140.8
1838-04-30,126.6
1838-05-31,137.6
1838-06-30,94.5
1838-07-31,108.2
1838-08-31,78.8
1838-09-30,73.6
1838-10-31,90.8
1838-11-30,77.4
1838-12-31,79.8
1839-01-31,107.6
1839-02-28,102.5
1839-03-31,77.7
1839-04-30,61.8
1839-05-31,53.8
1839-06-30,54.6
1839-07-31,84.7
1839-08-31,131.2
1839-09-30,132.7
1839-10-31,90.8
1839-11-30,68.8
1839-12-31,63.6
1840-01-31,81.2
1840-02-29,87.7
1840-03-31,55.5
1840-04-30,65.9
1840-05-31,69.2
1840-06-30,48.5
1840-07-31,60.7
1840-08-31,57.8
1840-09-30,74.0
1840-10-31,49.8
1840-11-30,54.3
1840-12-31,53.7
1841-01-31,24.0
1841-02-28,29.9
1841-03-31,29.7
1841-04-30,42.6
1841-05-31,67.4
1841-06-30,55.7
1841-07-31,30.8
1841-08-31,39.3
1841-09-30,35.1
1841-10-31,28.5
1841-11-30,19.8
1841-12-31,38.8
1842-01-31,20.4
1842-02-28,22.1
1842-03-31,21.7
1842-04-30,26.9
1842-05-31,24.9
1842-06-30,20.5
1842-07-31,12.6
1842-08-31,26.5
1842-09-30,18.5
1842-10-31,38.1
1842-11-30,40.5
1842-12-31,17.6
1843-01-31,13.3
1843-02-28,3.5
1843-03-31,8.3
1843-04-30,8.8
1843-05-31,21.1
1843-06-30,10.5
1843-07-31,9.5
1843-08-31,11.8
1843-09-30,4.2
1843-10-31,5.3
1843-11-30,19.1
1843-12-31,12.7
1844-01-31,9.4
1844-02-29,14.7
1844-03-31,13.6
1844-04-30,20.8
1844-05-31,12.0
1844-06-30,3.7
1844-07-31,21.2
1844-08-31,23.9
1844-09-30,6.9
1844-10-31,21.5
1844-11-30,10.7
1844-12-31,21.6
1845-01-31,25.7
1845-02-28,43.6
1845-03-31,43.3
1845-04-30,56.9
1845-05-31,47.8
1845-06-30,31.1
1845-07-31,30.6
1845-08-31,32.3
1845-09-30,29.6
1845-10-31,40.7
1845-11-30,39.4
1845-12-31,59.7
1846-01-31,38.7
1846-02-28,51.0
1846-03-31,63.9
1846-04-30,69.2
1846-05-31,59.9
1846-06-30,65.1
1846-07-31,46.5
1846-08-31,54.8
1846-09-30,107.1
1846-10-31,55.9
1846-11-30,60.4
1846-12-31,65.5
1847-01-31,62.6
1847-02-28,44.9
1847-03-31,85.7
1847-04-30,44.7
1847-05-31,75.4
1847-06-30,85.3
1847-07-31,52.2
1847-08-31,140.6
1847-09-30,161.2
1847-10-31,180.4
1847-11-30,138.9
1847-12-31,109.6
1848-01-31,159.1
1848-02-29,111.8
1848-03-31,108.9
1848-04-30,107.1
1848-05-31,102.2
1848-06-30,123.8
1848-07-31,139.2
1848-08-31,132.5
1848-09-30,100.3
1848-10-31,132.4
1848-11-30,114.6
1848-12-31,159.9
1849-01-31,156.7
1849-02-28,131.7
1849-03-31,96.5
1849-04-30,102.5
1849-05-31,80.6
1849-06-30,81.2
1849-07-31,78.0
1849-08-31,61.3
1849-09-30,93.7
1849-10-31,71.5
1849-11-30,99.7
1849-12-31,97.0
1850-01-31,78.0
1850-02-28,89.4
1850-03-31,82.6
1850-04-30,44.1
1850-05-31,61.6
1850-06-30,70.0
1850-07-31,39.1
1850-08-31,61.6
1850-09-30,86.2
1850-10-31,71.0
1850-11-30,54.8
1850-12-31,60.0
1851-01-31,75.5
1851-02-28,105.4
1851-03-31,64.6
1851-04-30,56.5
1851-05-31,62.6
1851-06-30,63.2
1851-07-31,36.1
1851-08-31,57.4
1851-09-30,67.9
1851-10-31,62.5
1851-11-30,50.9
1851-12-31,71.4
1852-01-31,68.4
1852-02-29,67.5
1852-03-31,61.2
1852-04-30,65.4
1852-05-31,54.9
1852-06-30,46.9
1852-07-31,42.0
1852-08-31,39.7
1852-09-30,37.5
1852-10-31,67.3
1852-11-30,54.3
1852-12-31,45.4
1853-01-31,41.1
1853-02-28,42.9
1853-03-31,37.7
1853-04-30,47.6
1853-05-31,34.7
1853-06-30,40.0
1853-07-31,45.9
1853-08-31,50.4
1853-09-30,33.5
1853-10-31,42.3
1853-11-30,28.8
1853-12-31,23.4
1854-01-31,15.4
1854-02-28,20.0
1854-03-31,20.7
1854-04-30,26.4
1854-05-31,24.0
1854-06-30,21.1
1854-07-31,18.7
1854-08-31,15.8
1854-09-30,22.4
1854-10-31,12.7
1854-11-30,28.2
1854-12-31,21.4
1855-01-31,12.3
1855-02-28,11.4
1855-03-31,17.4
1855-04-30,4.4
1855-05-31,9.1
1855-06-30,5.3
1855-07-31,0.4
1855-08-31,3.1
1855-09-30,0.0
1855-10-31,9.7
1855-11-30,4.3
1855-12-31,3.1
1856-01-31,0.5
1856-02-29,4.9
1856-03-31,0.4
1856-04-30,6.5
1856-05-31,0.0
1856-06-30,5.0
1856-07-31,4.6
1856-08-31,5.9
1856-09-30,4.4
1856-10-31,4.5
1856-11-30,7.7
1856-12-31,7.2
1857-01-31,13.7
1857-02-28,7.4
1857-03-31,5.2
1857-04-30,11.1
1857-05-31,29.2
1857-06-30,16.0
1857-07-31,22.2
1857-08-31,16.9
1857-09-30,42.4
1857-10-31,40.6
1857-11-30,31.4
1857-12-31,37.2
1858-01-31,39.0
1858-02-28,34.9
1858-03-31,57.5
1858-04-30,38.3
1858-05-31,41.4
1858-06-30,44.5
1858-07-31,56.7
1858-08-31,55.3
1858-09-30,80.1
1858-10-31,91.2
1858-11-30,51.9
1858-12-31,66.9
1859-01-31,83.7
1859-02-28,87.6
1859-03-31,90.3
1859-04-30,85.7
1859-05-31,91.0
1859-06-30,87.1
1859-07-31,95.2
1859-08-31,106.8
1859-09-30,105.8
1859-10-31,114.6
1859-11-30,97.2
1859-12-31,81.0
1860-01-31,81.5
1860-02-29,88.0
1860-03-31,98.9
1860-04-30,71.4
1860-05-31,107.1
1860-06-30,108.6
1860-07-31,116.7
1860-08-31,100.3
1860-09-30,92.2
1860-10-31,90.1
1860-11-30,97.9
1860-12-31,95.6
1861-01-31,62.3
1861-02-28,77.8
1861-03-31,101.0
1861-04-30,98.5
1861-05-31,56.8
1861-06-30,87.8
1861-07-31,78.0
1861-08-31,82.5
1861-09-30,79.9
1861-10-31,67.2
1861-11-30,53.7
1861-12-31,80.5
1862-01-31,63.1
1862-02-28,64.5
1862-03-31,43.6
1862-04-30,53.7
1862-05-31,64.4
1862-06-30,84.0
1862-07-31,73.4
1862-08-31,62.5
1862-09-30,66.6
1862-10-31,42.0
1862-11-30,50.6
1862-12-31,40.9
1863-01-31,48.3
1863-02-28,56.7
1863-03-31,66.4
1863-04-30,40.6
1863-05-31,53.8
1863-06-30,40.8
1863-07-31,32.7
1863-08-31,48.1
1863-09-30,22.0
1863-10-31,39.9
1863-11-30,37.7
1863-12-31,41.2
1864-01-31,57.7
1864-02-29,47.1
1864-03-31,66.3
1864-04-30,35.8
1864-05-31,40.6
1864-06-30,57.8
1864-07-31,54.7
1864-08-31,54.8
1864-09-30,28.5
1864-10-31,33.9
1864-11-30,57.6
1864-12-31,28.6
1865-01-31,48.7
1865-02-28,39.3
1865-03-31,39.5
1865-04-30,29.4
1865-05-31,34.5
1865-06-30,33.6
1865-07-31,26.8
1865-08-31,37.8
1865-09-30,21.6
1865-10-31,17.1
1865-11-30,24.6
1865-12-31,12.8
1866-01-31,31.6
1866-02-28,38.4
1866-03-31,24.6
1866-04-30,17.6
1866-05-31,12.9
1866-06-30,16.5
1866-07-31,9.3
1866-08-31,12.7
1866-09-30,7.3
1866-10-31,14.1
1866-11-30,9.0
1866-12-31,1.5
1867-01-31,0.0
1867-02-28,0.7
1867-03-31,9.2
1867-04-30,5.1
1867-05-31,2.9
1867-06-30,1.5
1867-07-31,5.0
1867-08-31,4.9
1867-09-30,9.8
1867-10-31,13.5
1867-11-30,9.3
1867-12-31,25.2
1868-01-31,15.6
1868-02-29,15.8
1868-03-31,26.5
1868-04-30,36.6
1868-05-31,26.7
1868-06-30,31.1
1868-07-31,28.6
1868-08-31,34.4
1868-09-30,43.8
1868-10-31,61.7
1868-11-30,59.1
1868-12-31,67.6
1869-01-31,60.9
1869-02-28,59.3
1869-03-31,52.7
1869-04-30,41.0
1869-05-31,104.0
1869-06-30,108.4
1869-07-31,59.2
1869-08-31,79.6
1869-09-30,80.6
1869-10-31,59.4
1869-11-30,77.4
1869-12-31,104.3
1870-01-31,77.3
1870-02-28,114.9
1870-03-31,159.4
1870-04-30,160.0
1870-05-31,176.0
1870-06-30,135.6
1870-07-31,132.4
1870-08-31,153.8
1870-09-30,136.0
1870-10-31,146.4
1870-11-30,147.5
1870-12-31,130.0
1871-01-31,88.3
1871-02-28,125.3
1871-03-31,143.2
1871-04-30,162.4
1871-05-31,145.5
1871-06-30,91.7
1871-07-31,103.0
1871-08-31,110.0
1871-09-30,80.3
1871-10-31,89.0
1871-11-30,105.4
1871-12-31,90.3
1872-01-31,79.5
1872-02-29,120.1
1872-03-31,88.4
1872-04-30,102.1
1872-05-31,107.6
1872-06-30,109.9
1872-07-31,105.5
1872-08-31,92.9
1872-09-30,114.6
1872-10-31,103.5
1872-11-30,112.0
1872-12-31,83.9
1873-01-31,86.7
1873-02-28,107.0
1873-03-31,98.3
1873-04-30,76.2
1873-05-31,47.9
1873-06-30,44.8
1873-07-31,66.9
1873-08-31,68.2
1873-09-30,47.5
1873-10-31,47.4
1873-11-30,55.4
1873-12-31,49.2
1874-01-31,60.8
1874-02-28,64.2
1874-03-31,46.4
1874-04-30,32.0
1874-05-31,44.6
1874-06-30,38.2
1874-07-31,67.8
1874-08-31,61.3
1874-09-30,28.0
1874-10-31,34.3
1874-11-30,28.9
1874-12-31,29.3
1875-01-31,14.6
1875-02-28,22.2
1875-03-31,33.8
1875-04-30,29.1
1875-05-31,11.5
1875-06-30,23.9
1875-07-31,12.5
1875-08-31,14.6
1875-09-30,2.4
1875-10-31,12.7
1875-11-30,17.7
1875-12-31,9.9
1876-01-31,14.3
1876-02-29,15.0
1876-03-31,31.2
1876-04-30,2.3
1876-05-31,5.1
1876-06-30,1.6
1876-07-31,15.2
1876-08-31,8.8
1876-09-30,9.9
1876-10-31,14.3
1876-11-30,9.9
1876-12-31,8.2
1877-01-31,24.4
1877-02-28,8.7
1877-03-31,11.7
1877-04-30,15.8
1877-05-31,21.2
1877-06-30,13.4
1877-07-31,5.9
1877-08-31,6.3
1877-09-30,16.4
1877-10-31,6.7
1877-11-30,14.5
1877-12-31,2.3
1878-01-31,3.3
1878-02-28,6.0
1878-03-31,7.8
1878-04-30,0.1
1878-05-31,5.8
1878-06-30,6.4
1878-07-31,0.1
1878-08-31,0.0
1878-09-30,5.3
1878-10-31,1.1
1878-11-30,4.1
1878-12-31,0.5
1879-01-31,0.8
1879-02-28,0.6
1879-03-31,0.0
1879-04-30,6.2
1879-05-31,2.4
1879-06-30,4.8
1879-07-31,7.5
1879-08-31,10.7
1879-09-30,6.1
1879-10-31,12.3
1879-11-30,12.9
1879-12-31,7.2
1880-01-31,24.0
1880-02-29,27.5
1880-03-31,19.5
1880-04-30,19.3
1880-05-31,23.5
1880-06-30,34.1
1880-07-31,21.9
1880-08-31,48.1
1880-09-30,66.0
1880-10-31,43.0
1880-11-30,30.7
1880-12-31,29.6
1881-01-31,36.4
1881-02-28,53.2
1881-03-31,51.5
1881-04-30,51.7
1881-05-31,43.5
1881-06-30,60.5
1881-07-31,76.9
1881-08-31,58.0
1881-09-30,53.2
1881-10-31,64.0
1881-11-30,54.8
1881-12-31,47.3
1882-01-31,45.0
1882-02-28,69.3
1882-03-31,67.5
1882-04-30,95.8
1882-05-31,64.1
1882-06-30,45.2
1882-07-31,45.4
1882-08-31,40.4
1882-09-30,57.7
1882-10-31,59.2
1882-11-30,84.4
1882-12-31,41.8
1883-01-31,60.6
1883-02-28,46.9
1883-03-31,42.8
1883-04-30,82.1
1883-05-31,32.1
1883-06-30,76.5
1883-07-31,80.6
1883-08-31,46.0
1883-09-30,52.6
1883-10-31,83.8
1883-11-30,84.5
1883-12-31,75.9
1884-01-31,91.5
1884-02-29,86.9
1884-03-31,86.8
1884-04-30,76.1
1884-05-31,66.5
1884-06-30,51.2
1884-07-31,53.1
1884-08-31,55.8
1884-09-30,61.9
1884-10-31,47.8
1884-11-30,36.6
1884-12-31,47.2
1885-01-31,42.8
1885-02-28,71.8
1885-03-31,49.8
1885-04-30,55.0
1885-05-31,73.0
1885-06-30,83.7
1885-07-31,66.5
1885-08-31,50.0
1885-09-30,39.6
1885-10-31,38.7
1885-11-30,33.3
1885-12-31,21.7
1886-01-31,29.9
1886-02-28,25.9
1886-03-31,57.3
1886-04-30,43.7
1886-05-31,30.7
1886-06-30,27.1
1886-07-31,30.3
1886-08-31,16.9
1886-09-30,21.4
1886-10-31,8.6
1886-11-30,0.3
1886-12-31,12.4
1887-01-31,10.3
1887-02-28,13.2
1887-03-31,4.2
1887-04-30,6.9
1887-05-31,20.0
1887-06-30,15.7
1887-07-31,23.3
1887-08-31,21.4
1887-09-30,7.4
1887-10-31,6.6
1887-11-30,6.9
1887-12-31,20.7
1888-01-31,12.7
1888-02-29,7.1
1888-03-31,7.8
1888-04-30,5.1
1888-05-31,7.0
1888-06-30,7.1
1888-07-31,3.1
1888-08-31,2.8
1888-09-30,8.8
1888-10-31,2.1
1888-11-30,10.7
1888-12-31,6.7
1889-01-31,0.8
1889-02-28,8.5
1889-03-31,7.0
1889-04-30,4.3
1889-05-31,2.4
1889-06-30,6.4
1889-07-31,9.7
1889-08-31,20.6
1889-09-30,6.5
1889-10-31,2.1
1889-11-30,0.2
1889-12-31,6.7
1890-01-31,5.3
1890-02-28,0.6
1890-03-31,5.1
1890-04-30,1.6
1890-05-31,4.8
1890-06-30,1.3
1890-07-31,11.6
1890-08-31,8.5
1890-09-30,17.2
1890-10-31,11.2
1890-11-30,9.6
1890-12-31,7.8
1891-01-31,13.5
1891-02-28,22.2
1891-03-31,10.4
1891-04-30,20.5
1891-05-31,41.1
1891-06-30,48.3
1891-07-31,58.8
1891-08-31,33.2
1891-09-30,53.8
1891-10-31,51.5
1891-11-30,41.9
1891-12-31,32.3
1892-01-31,69.1
1892-02-29,75.6
1892-03-31,49.9
1892-04-30,69.6
1892-05-31,79.6
1892-06-30,76.3
1892-07-31,76.8
1892-08-31,101.4
1892-09-30,62.8
1892-10-31,70.5
1892-11-30,65.4
1892-12-31,78.6
1893-01-31,75.0
1893-02-28,73.0
1893-03-31,65.7
1893-04-30,88.1
1893-05-31,84.7
1893-06-30,88.2
1893-07-31,88.8
1893-08-31,129.2
1893-09-30,77.9
1893-10-31,79.7
1893-11-30,75.1
1893-12-31,93.8
1894-01-31,83.2
1894-02-28,84.6
1894-03-31,52.3
1894-04-30,81.6
1894-05-31,101.2
1894-06-30,98.9
1894-07-31,106.0
1894-08-31,70.3
1894-09-30,65.9
1894-10-31,75.5
1894-11-30,56.6
1894-12-31,60.0
1895-01-31,63.3
1895-02-28,67.2
1895-03-31,61.0
1895-04-30,76.9
1895-05-31,67.5
1895-06-30,71.5
1895-07-31,47.8
1895-08-31,68.9
1895-09-30,57.7
1895-10-31,67.9
1895-11-30,47.2
1895-12-31,70.7
1896-01-31,29.0
1896-02-29,57.4
1896-03-31,52.0
1896-04-30,43.8
1896-05-31,27.7
1896-06-30,49.0
1896-07-31,45.0
1896-08-31,27.2
1896-09-30,61.3
1896-10-31,28.4
1896-11-30,38.0
1896-12-31,42.6
1897-01-31,40.6
1897-02-28,29.4
1897-03-31,29.1
1897-04-30,31.0
1897-05-31,20.0
1897-06-30,11.3
1897-07-31,27.6
1897-08-31,21.8
1897-09-30,48.1
1897-10-31,14.3
1897-11-30,8.4
1897-12-31,33.3
1898-01-31,30.2
1898-02-28,36.4
1898-03-31,38.3
1898-04-30,14.5
1898-05-31,25.8
1898-06-30,22.3
1898-07-31,9.0
1898-08-31,31.4
1898-09-30,34.8
1898-10-31,34.4
1898-11-30,30.9
1898-12-31,12.6
1899-01-31,19.5
1899-02-28,9.2
1899-03-31,18.1
1899-04-30,14.2
1899-05-31,7.7
1899-06-30,20.5
1899-07-31,13.5
1899-08-31,2.9
1899-09-30,8.4
1899-10-31,13.0
1899-11-30,7.8
1899-12-31,10.5
1900-01-31,9.4
1900-02-28,13.6
1900-03-31,8.6
1900-04-30,16.0
1900-05-31,15.2
1900-06-30,12.1
1900-07-31,8.3
1900-08-31,4.3
1900-09-30,8.3
1900-10-31,12.9
1900-11-30,4.5
1900-12-31,0.3
1901-01-31,0.2
1901-02-28,2.4
1901-03-31,4.5
1901-04-30,0.0
1901-05-31,10.2
1901-06-30,5.8
1901-07-31,0.7
1901-08-31,1.0
1901-09-30,0.6
1901-10-31,3.7
1901-11-30,3.8
1901-12-31,0.0
1902-01-31,5.2
1902-02-28,0.0
1902-03-31,12.4
1902-04-30,0.0
1902-05-31,2.8
1902-06-30,1.4
1902-07-31,0.9
1902-08-31,2.3
1902-09-30,7.6
1902-10-31,16.3
1902-11-30,10.3
1902-12-31,1.1
1903-01-31,8.3
1903-02-28,17.0
1903-03-31,13.5
1903-04-30,26.1
1903-05-31,14.6
1903-06-30,16.3
1903-07-31,27.9
1903-08-31,28.8
1903-09-30,11.1
1903-10-31,38.9
1903-11-30,44.5
1903-12-31,45.6
1904-01-31,31.6
1904-02-29,24.5
1904-03-31,37.2
1904-04-30,43.0
1904-05-31,39.5
1904-06-30,41.9
1904-07-31,50.6
1904-08-31,58.2
1904-09-30,30.1
1904-10-31,54.2
1904-11-30,38.0
1904-12-31,54.6
1905-01-31,54.8
1905-02-28,85.8
1905-03-31,56.5
1905-04-30,39.3
1905-05-31,48.0
1905-06-30,49.0
1905-07-31,73.0
1905-08-31,58.8
1905-09-30,55.0
1905-10-31,78.7
1905-11-30,107.2
1905-12-31,55.5
1906-01-31,45.5
1906-02-28,31.3
1906-03-31,64.5
1906-04-30,55.3
1906-05-31,57.7
1906-06-30,63.2
1906-07-31,103.6
1906-08-31,47.7
1906-09-30,56.1
1906-10-31,17.8
1906-11-30,38.9
1906-12-31,64.7
1907-01-31,76.4
1907-02-28,108.2
1907-03-31,60.7
1907-04-30,52.6
1907-05-31,42.9
1907-06-30,40.4
1907-07-31,49.7
1907-08-31,54.3
1907-09-30,85.0
1907-10-31,65.4
1907-11-30,61.5
1907-12-31,47.3
1908-01-31,39.2
1908-02-29,33.9
1908-03-31,28.7
1908-04-30,57.6
1908-05-31,40.8
1908-06-30,48.1
1908-07-31,39.5
1908-08-31,90.5
1908-09-30,86.9
1908-10-31,32.3
1908-11-30,45.5
1908-12-31,39.5
1909-01-31,56.7
1909-02-28,46.6
1909-03-31,66.3
1909-04-30,32.3
1909-05-31,36.0
1909-06-30,22.6
1909-07-31,35.8
1909-08-31,23.1
1909-09-30,38.8
1909-10-31,58.4
1909-11-30,55.8
1909-12-31,54.2
1910-01-31,26.4
1910-02-28,31.5
1910-03-31,21.4
1910-04-30,8.4
1910-05-31,22.2
1910-06-30,12.3
1910-07-31,14.1
1910-08-31,11.5
1910-09-30,26.2
1910-10-31,38.3
1910-11-30,4.9
1910-12-31,5.8
1911-01-31,3.4
1911-02-28,9.0
1911-03-31,7.8
1911-04-30,16.5
1911-05-31,9.0
1911-06-30,2.2
1911-07-31,3.5
1911-08-31,4.0
1911-09-30,4.0
1911-10-31,2.6
1911-11-30,4.2
1911-12-31,2.2
1912-01-31,0.3
1912-02-29,0.0
1912-03-31,4.9
1912-04-30,4.5
1912-05-31,4.4
1912-06-30,4.1
1912-07-31,3.0
1912-08-31,0.3
1912-09-30,9.5
1912-10-31,4.6
1912-11-30,1.1
1912-12-31,6.4
1913-01-31,2.3
1913-02-28,2.9
1913-03-31,0.5
1913-04-30,0.9
1913-05-31,0.0
1913-06-30,0.0
1913-07-31,1.7
1913-08-31,0.2
1913-09-30,1.2
1913-10-31,3.1
1913-11-30,0.7
1913-12-31,3.8
1914-01-31,2.8
1914-02-28,2.6
1914-03-31,3.1
1914-04-30,17.3
1914-05-31,5.2
1914-06-30,11.4
1914-07-31,5.4
1914-08-31,7.7
1914-09-30,12.7
1914-10-31,8.2
1914-11-30,16.4
1914-12-31,22.3
1915-01-31,23.0
1915-02-28,42.3
1915-03-31,38.8
1915-04-30,41.3
1915-05-31,33.0
1915-06-30,68.8
1915-07-31,71.6
1915-08-31,69.6
1915-09-30,49.5
1915-10-31,53.5
1915-11-30,42.5
1915-12-31,34.5
1916-01-31,45.3
1916-02-29,55.4
1916-03-31,67.0
1916-04-30,71.8
1916-05-31,74.5
1916-06-30,67.7
1916-07-31,53.5
1916-08-31,35.2
1916-09-30,45.1
1916-10-31,50.7
1916-11-30,65.6
1916-12-31,53.0
1917-01-31,74.7
1917-02-28,71.9
1917-03-31,94.8
1917-04-30,74.7
1917-05-31,114.1
1917-06-30,114.9
1917-07-31,119.8
1917-08-31,154.5
1917-09-30,129.4
1917-10-31,72.2
1917-11-30,96.4
1917-12-31,129.3
1918-01-31,96.0
1918-02-28,65.3
1918-03-31,72.2
1918-04-30,80.5
1918-05-31,76.7
1918-06-30,59.4
1918-07-31,107.6
1918-08-31,101.7
1918-09-30,79.9
1918-10-31,85.0
1918-11-30,83.4
1918-12-31,59.2
1919-01-31,48.1
1919-02-28,79.5
1919-03-31,66.5
1919-04-30,51.8
1919-05-31,88.1
1919-06-30,111.2
1919-07-31,64.7
1919-08-31,69.0
1919-09-30,54.7
1919-10-31,52.8
1919-11-30,42.0
1919-12-31,34.9
1920-01-31,51.1
1920-02-29,53.9
1920-03-31,70.2
1920-04-30,14.8
1920-05-31,33.3
1920-06-30,38.7
1920-07-31,27.5
1920-08-31,19.2
1920-09-30,36.3
1920-10-31,49.6
1920-11-30,27.2
1920-12-31,29.9
1921-01-31,31.5
1921-02-28,28.3
1921-03-31,26.7
1921-04-30,32.4
1921-05-31,22.2
1921-06-30,33.7
1921-07-31,41.9
1921-08-31,22.8
1921-09-30,17.8
1921-10-31,18.2
1921-11-30,17.8
1921-12-31,20.3
1922-01-31,11.8
1922-02-28,26.4
1922-03-31,54.7
1922-04-30,11.0
1922-05-31,8.0
1922-06-30,5.8
1922-07-31,10.9
1922-08-31,6.5
1922-09-30,4.7
1922-10-31,6.2
1922-11-30,7.4
1922-12-31,17.5
1923-01-31,4.5
1923-02-28,1.5
1923-03-31,3.3
1923-04-30,6.1
1923-05-31,3.2
1923-06-30,9.1
1923-07-31,3.5
1923-08-31,0.5
1923-09-30,13.2
1923-10-31,11.6
1923-11-30,10.0
1923-12-31,2.8
1924-01-31,0.5
1924-02-29,5.1
1924-03-31,1.8
1924-04-30,11.3
1924-05-31,20.8
1924-06-30,24.0
1924-07-31,28.1
1924-08-31,19.3
1924-09-30,25.1
1924-10-31,25.6
1924-11-30,22.5
1924-12-31,16.5
1925-01-31,5.5
1925-02-28,23.2
1925-03-31,18.0
1925-04-30,31.7
1925-05-31,42.8
1925-06-30,47.5
1925-07-31,38.5
1925-08-31,37.9
1925-09-30,60.2
1925-10-31,69.2
1925-11-30,58.6
1925-12-31,98.6
1926-01-31,71.8
1926-02-28,70.0
1926-03-31,62.5
1926-04-30,38.5
1926-05-31,64.3
1926-06-30,73.5
1926-07-31,52.3
1926-08-31,61.6
1926-09-30,60.8
1926-10-31,71.5
1926-11-30,60.5
1926-12-31,79.4
1927-01-31,81.6
1927-02-28,93.0
1927-03-31,69.6
1927-04-30,93.5
1927-05-31,79.1
1927-06-30,59.1
1927-07-31,54.9
1927-08-31,53.8
1927-09-30,68.4
1927-10-31,63.1
1927-11-30,67.2
1927-12-31,45.2
1928-01-31,83.5
1928-02-29,73.5
1928-03-31,85.4
1928-04-30,80.6
1928-05-31,76.9
1928-06-30,91.4
1928-07-31,98.0
1928-08-31,83.8
1928-09-30,89.7
1928-10-31,61.4
1928-11-30,50.3
1928-12-31,59.0
1929-01-31,68.9
1929-02-28,64.1
1929-03-31,50.2
1929-04-30,52.8
1929-05-31,58.2
1929-06-30,71.9
1929-07-31,70.2
1929-08-31,65.8
1929-09-30,34.4
1929-10-31,54.0
1929-11-30,81.1
1929-12-31,108.0
1930-01-31,65.3
1930-02-28,49.2
1930-03-31,35.0
1930-04-30,38.2
1930-05-31,36.8
1930-06-30,28.8
1930-07-31,21.9
1930-08-31,24.9
1930-09-30,32.1
1930-10-31,34.4
1930-11-30,35.6
1930-12-31,25.8
1931-01-31,14.6
1931-02-28,43.1
1931-03-31,30.0
1931-04-30,31.2
1931-05-31,24.6
1931-06-30,15.3
1931-07-31,17.4
1931-08-31,13.0
1931-09-30,19.0
1931-10-31,10.0
1931-11-30,18.7
1931-12-31,17.8
1932-01-31,12.1
1932-02-29,10.6
1932-03-31,11.2
1932-04-30,11.2
1932-05-31,17.9
1932-06-30,22.2
1932-07-31,9.6
1932-08-31,6.8
1932-09-30,4.0
1932-10-31,8.9
1932-11-30,8.2
1932-12-31,11.0
1933-01-31,12.3
1933-02-28,22.2
1933-03-31,10.1
1933-04-30,2.9
1933-05-31,3.2
1933-06-30,5.2
1933-07-31,2.8
1933-08-31,0.2
1933-09-30,5.1
1933-10-31,3.0
1933-11-30,0.6
1933-12-31,0.3
1934-01-31,3.4
1934-02-28,7.8
1934-03-31,4.3
1934-04-30,11.3
1934-05-31,19.7
1934-06-30,6.7
1934-07-31,9.3
1934-08-31,8.3
1934-09-30,4.0
1934-10-31,5.7
1934-11-30,8.7
1934-12-31,15.4
1935-01-31,18.9
1935-02-28,20.5
1935-03-31,23.1
1935-04-30,12.2
1935-05-31,27.3
1935-06-30,45.7
1935-07-31,33.9
1935-08-31,30.1
1935-09-30,42.1
1935-10-31,53.2
1935-11-30,64.2
1935-12-31,61.5
1936-01-31,62.8
1936-02-29,74.3
1936-03-31,77.1
1936-04-30,74.9
1936-05-31,54.6
1936-06-30,70.0
1936-07-31,52.3
1936-08-31,87.0
1936-09-30,76.0
1936-10-31,89.0
1936-11-30,115.4
1936-12-31,123.4
1937-01-31,132.5
1937-02-28,128.5
1937-03-31,83.9
1937-04-30,109.3
1937-05-31,116.7
1937-06-30,130.3
1937-07-31,145.1
1937-08-31,137.7
1937-09-30,100.7
1937-10-31,124.9
1937-11-30,74.4
1937-12-31,88.8
1938-01-31,98.4
1938-02-28,119.2
1938-03-31,86.5
1938-04-30,101.0
1938-05-31,127.4
1938-06-30,97.5
1938-07-31,165.3
1938-08-31,115.7
1938-09-30,89.6
1938-10-31,99.1
1938-11-30,122.2
1938-12-31,92.7
1939-01-31,80.3
1939-02-28,77.4
1939-03-31,64.6
1939-04-30,109.1
1939-05-31,118.3
1939-06-30,101.0
1939-07-31,97.6
1939-08-31,105.8
1939-09-30,112.6
1939-10-31,88.1
1939-11-30,68.1
1939-12-31,42.1
1940-01-31,50.5
1940-02-29,59.4
1940-03-31,83.3
1940-04-30,60.7
1940-05-31,54.4
1940-06-30,83.9
1940-07-31,67.5
1940-08-31,105.5
1940-09-30,66.5
1940-10-31,55.0
1940-11-30,58.4
1940-12-31,68.3
1941-01-31,45.6
1941-02-28,44.5
1941-03-31,46.4
1941-04-30,32.8
1941-05-31,29.5
1941-06-30,59.8
1941-07-31,66.9
1941-08-31,60.0
1941-09-30,65.9
1941-10-31,46.3
1941-11-30,38.3
1941-12-31,33.7
1942-01-31,35.6
1942-02-28,52.8
1942-03-31,54.2
1942-04-30,60.7
1942-05-31,25.0
1942-06-30,11.4
1942-07-31,17.7
1942-08-31,20.2
1942-09-30,17.2
1942-10-31,19.2
1942-11-30,30.7
1942-12-31,22.5
1943-01-31,12.4
1943-02-28,28.9
1943-03-31,27.4
1943-04-30,26.1
1943-05-31,14.1
1943-06-30,7.6
1943-07-31,13.2
1943-08-31,19.4
1943-09-30,10.0
1943-10-31,7.8
1943-11-30,10.2
1943-12-31,18.8
1944-01-31,3.7
1944-02-29,0.5
1944-03-31,11.0
1944-04-30,0.3
1944-05-31,2.5
1944-06-30,5.0
1944-07-31,5.0
1944-08-31,16.7
1944-09-30,14.3
1944-10-31,16.9
1944-11-30,10.8
1944-12-31,28.4
1945-01-31,18.5
1945-02-28,12.7
1945-03-31,21.5
1945-04-30,32.0
1945-05-31,30.6
1945-06-30,36.2
1945-07-31,42.6
1945-08-31,25.9
1945-09-30,34.9
1945-10-31,68.8
1945-11-30,46.0
1945-12-31,27.4
1946-01-31,47.6
1946-02-28,86.2
1946-03-31,76.6
1946-04-30,75.7
1946-05-31,84.9
1946-06-30,73.5
1946-07-31,116.2
1946-08-31,107.2
1946-09-30,94.4
1946-10-31,102.3
1946-11-30,123.8
1946-12-31,121.7
1947-01-31,115.7
1947-02-28,113.4
1947-03-31,129.8
1947-04-30,149.8
1947-05-31,201.3
1947-06-30,163.9
1947-07-31,157.9
1947-08-31,188.8
1947-09-30,169.4
1947-10-31,163.6
1947-11-30,128.0
1947-12-31,116.5
1948-01-31,108.5
1948-02-29,86.1
1948-03-31,94.8
1948-04-30,189.7
1948-05-31,174.0
1948-06-30,167.8
1948-07-31,142.2
1948-08-31,157.9
1948-09-30,143.3
1948-10-31,136.3
1948-11-30,95.8
1948-12-31,138.0
1949-01-31,119.1
1949-02-28,182.3
1949-03-31,157.5
1949-04-30,147.0
1949-05-31,106.2
1949-06-30,121.7
1949-07-31,125.8
1949-08-31,123.8
1949-09-30,145.3
1949-10-31,131.6
1949-11-30,143.5
1949-12-31,117.6
1950-01-31,101.6
1950-02-28,94.8
1950-03-31,109.7
1950-04-30,113.4
1950-05-31,106.2
1950-06-30,83.6
1950-07-31,91.0
1950-08-31,85.2
1950-09-30,51.3
1950-10-31,61.4
1950-11-30,54.8
1950-12-31,54.1
1951-01-31,59.9
1951-02-28,59.9
1951-03-31,59.9
1951-04-30,92.9
1951-05-31,108.5
1951-06-30,100.6
1951-07-31,61.5
1951-08-31,61.0
1951-09-30,83.1
1951-10-31,51.6
1951-11-30,52.4
1951-12-31,45.8
1952-01-31,40.7
1952-02-29,22.7
1952-03-31,22.0
1952-04-30,29.1
1952-05-31,23.4
1952-06-30,36.4
1952-07-31,39.3
1952-08-31,54.9
1952-09-30,28.2
1952-10-31,23.8
1952-11-30,22.1
1952-12-31,34.3
1953-01-31,26.5
1953-02-28,3.9
1953-03-31,10.0
1953-04-30,27.8
1953-05-31,12.5
1953-06-30,21.8
1953-07-31,8.6
1953-08-31,23.5
1953-09-30,19.3
1953-10-31,8.2
1953-11-30,1.6
1953-12-31,2.5
1954-01-31,0.2
1954-02-28,0.5
1954-03-31,10.9
1954-04-30,1.8
1954-05-31,0.8
1954-06-30,0.2
1954-07-31,4.8
1954-08-31,8.4
1954-09-30,1.5
1954-10-31,7.0
1954-11-30,9.2
1954-12-31,7.6
1955-01-31,23.1
1955-02-28,20.8
1955-03-31,4.9
1955-04-30,11.3
1955-05-31,28.9
1955-06-30,31.7
1955-07-31,26.7
1955-08-31,40.7
1955-09-30,42.7
1955-10-31,58.5
1955-11-30,89.2
1955-12-31,76.9
1956-01-31,73.6
1956-02-29,124.0
1956-03-31,118.4
1956-04-30,110.7
1956-05-31,136.6
1956-06-30,116.6
1956-07-31,129.1
1956-08-31,169.6
1956-09-30,173.2
1956-10-31,155.3
1956-11-30,201.3
1956-12-31,192.1
1957-01-31,165.0
1957-02-28,130.2
1957-03-31,157.4
1957-04-30,175.2
1957-05-31,164.6
1957-06-30,200.7
1957-07-31,187.2
1957-08-31,158.0
1957-09-30,235.8
1957-10-31,253.8
1957-11-30,210.9
1957-12-31,239.4
1958-01-31,202.5
1958-02-28,164.9
1958-03-31,190.7
1958-04-30,196.0
1958-05-31,175.3
1958-06-30,171.5
1958-07-31,191.4
1958-08-31,200.2
1958-09-30,201.2
1958-10-31,181.5
1958-11-30,152.3
1958-12-31,187.6
1959-01-31,217.4
1959-02-28,143.1
1959-03-31,185.7
1959-04-30,163.3
1959-05-31,172.0
1959-06-30,168.7
1959-07-31,149.6
1959-08-31,199.6
1959-09-30,145.2
1959-10-31,111.4
1959-11-30,124.0
1959-12-31,125.0
1960-01-31,146.3
1960-02-29,106.0
1960-03-31,102.2
1960-04-30,122.0
1960-05-31,119.6
1960-06-30,110.2
1960-07-31,121.7
1960-08-31,134.1
1960-09-30,127.2
1960-10-31,82.8
1960-11-30,89.6
1960-12-31,85.6
1961-01-31,57.9
1961-02-28,46.1
1961-03-31,53.0
1961-04-30,61.4
1961-05-31,51.0
1961-06-30,77.4
1961-07-31,70.2
1961-08-31,55.9
1961-09-30,63.6
1961-10-31,37.7
1961-11-30,32.6
1961-12-31,40.0
1962-01-31,38.7
1962-02-28,50.3
1962-03-31,45.6
1962-04-30,46.4
1962-05-31,43.7
1962-06-30,42.0
1962-07-31,21.8
1962-08-31,21.8
1962-09-30,51.3
1962-10-31,39.5
1962-11-30,26.9
1962-12-31,23.2
1963-01-31,19.8
1963-02-28,24.4
1963-03-31,17.1
1963-04-30,29.3
1963-05-31,43.0
1963-06-30,35.9
1963-07-31,19.6
1963-08-31,33.2
1963-09-30,38.8
1963-10-31,35.3
1963-11-30,23.4
1963-12-31,14.9
1964-01-31,15.3
1964-02-29,17.7
1964-03-31,16.5
1964-04-30,8.6
1964-05-31,9.5
1964-06-30,9.1
1964-07-31,3.1
1964-08-31,9.3
1964-09-30,4.7
1964-10-31,6.1
1964-11-30,7.4
1964-12-31,15.1
1965-01-31,17.5
1965-02-28,14.2
1965-03-31,11.7
1965-04-30,6.8
1965-05-31,24.1
1965-06-30,15.9
1965-07-31,11.9
1965-08-31,8.9
1965-09-30,16.8
1965-10-31,20.1
1965-11-30,15.8
1965-12-31,17.0
1966-01-31,28.2
1966-02-28,24.4
1966-03-31,25.3
1966-04-30,48.7
1966-05-31,45.3
1966-06-30,47.7
1966-07-31,56.7
1966-08-31,51.2
1966-09-30,50.2
1966-10-31,57.2
1966-11-30,57.2
1966-12-31,70.4
1967-01-31,110.9
1967-02-28,93.6
1967-03-31,111.8
1967-04-30,69.5
1967-05-31,86.5
1967-06-30,67.3
1967-07-31,91.5
1967-08-31,107.2
1967-09-30,76.8
1967-10-31,88.2
1967-11-30,94.3
1967-12-31,126.4
1968-01-31,121.8
1968-02-29,111.9
1968-03-31,92.2
1968-04-30,81.2
1968-05-31,127.2
1968-06-30,110.3
1968-07-31,96.1
1968-08-31,109.3
1968-09-30,117.2
1968-10-31,107.7
1968-11-30,86.0
1968-12-31,109.8
1969-01-31,104.4
1969-02-28,120.5
1969-03-31,135.8
1969-04-30,106.8
1969-05-31,120.0
1969-06-30,106.0
1969-07-31,96.8
1969-08-31,98.0
1969-09-30,91.3
1969-10-31,95.7
1969-11-30,93.5
1969-12-31,97.9
1970-01-31,111.5
1970-02-28,127.8
1970-03-31,102.9
1970-04-30,109.5
1970-05-31,127.5
1970-06-30,106.8
1970-07-31,112.5
1970-08-31,93.0
1970-09-30,99.5
1970-10-31,86.6
1970-11-30,95.2
1970-12-31,83.5
1971-01-31,91.3
1971-02-28,79.0
1971-03-31,60.7
1971-04-30,71.8
1971-05-31,57.5
1971-06-30,49.8
1971-07-31,81.0
1971-08-31,61.4
1971-09-30,50.2
1971-10-31,51.7
1971-11-30,63.2
1971-12-31,82.2
1972-01-31,61.5
1972-02-29,88.4
1972-03-31,80.1
1972-04-30,63.2
1972-05-31,80.5
1972-06-30,88.0
1972-07-31,76.5
1972-08-31,76.8
1972-09-30,64.0
1972-10-31,61.3
1972-11-30,41.6
1972-12-31,45.3
1973-01-31,43.4
1973-02-28,42.9
1973-03-31,46.0
1973-04-30,57.7
1973-05-31,42.4
1973-06-30,39.5
1973-07-31,23.1
1973-08-31,25.6
1973-09-30,59.3
1973-10-31,30.7
1973-11-30,23.9
1973-12-31,23.3
1974-01-31,27.6
1974-02-28,26.0
1974-03-31,21.3
1974-04-30,40.3
1974-05-31,39.5
1974-06-30,36.0
1974-07-31,55.8
1974-08-31,33.6
1974-09-30,40.2
1974-10-31,47.1
1974-11-30,25.0
1974-12-31,20.5
1975-01-31,18.9
1975-02-28,11.5
1975-03-31,11.5
1975-04-30,5.1
1975-05-31,9.0
1975-06-30,11.4
1975-07-31,28.2
1975-08-31,39.7
1975-09-30,13.9
1975-10-31,9.1
1975-11-30,19.4
1975-12-31,7.8
1976-01-31,8.1
1976-02-29,4.3
1976-03-31,21.9
1976-04-30,18.8
1976-05-31,12.4
1976-06-30,12.2
1976-07-31,1.9
1976-08-31,16.4
1976-09-30,13.5
1976-10-31,20.6
1976-11-30,5.2
1976-12-31,15.3
1977-01-31,16.4
1977-02-28,23.1
1977-03-31,8.7
1977-04-30,12.9
1977-05-31,18.6
1977-06-30,38.5
1977-07-31,21.4
1977-08-31,30.1
1977-09-30,44.0
1977-10-31,43.8
1977-11-30,29.1
1977-12-31,43.2
1978-01-31,51.9
1978-02-28,93.6
1978-03-31,76.5
1978-04-30,99.7
1978-05-31,82.7
1978-06-30,95.1
1978-07-31,70.4
1978-08-31,58.1
1978-09-30,138.2
1978-10-31,125.1
1978-11-30,97.9
1978-12-31,122.7
1979-01-31,166.6
1979-02-28,137.5
1979-03-31,138.0
1979-04-30,101.5
1979-05-31,134.4
1979-06-30,149.5
1979-07-31,159.4
1979-08-31,142.2
1979-09-30,188.4
1979-10-31,186.2
1979-11-30,183.3
1979-12-31,176.3
1980-01-31,159.6
1980-02-29,155.0
1980-03-31,126.2
1980-04-30,164.1
1980-05-31,179.9
1980-06-30,157.3
1980-07-31,136.3
1980-08-31,135.4
1980-09-30,155.0
1980-10-31,164.7
1980-11-30,147.9
1980-12-31,174.4
1981-01-31,114.0
1981-02-28,141.3
1981-03-31,135.5
1981-04-30,156.4
1981-05-31,127.5
1981-06-30,90.0
1981-07-31,143.8
1981-08-31,158.7
1981-09-30,167.3
1981-10-31,162.4
1981-11-30,137.5
1981-12-31,150.1
1982-01-31,111.2
1982-02-28,163.6
1982-03-31,153.8
1982-04-30,122.0
1982-05-31,82.2
1982-06-30,110.4
1982-07-31,106.1
1982-08-31,107.6
1982-09-30,118.8
1982-10-31,94.7
1982-11-30,98.1
1982-12-31,127.0
1983-01-31,84.3
1983-02-28,51.0
1983-03-31,66.5
1983-04-30,80.7
1983-05-31,99.2
1983-06-30,91.1
1983-07-31,82.2
1983-08-31,71.8
1983-09-30,50.3
1983-10-31,55.8
1983-11-30,33.3
1983-12-31,33.4
